City_ID,City,Country,Date,Lat,Lng,Max Temp,Humidity,Cloudiness,Wind Speed
0,Khatanga,RU,2021-10-27 02:12:56,71.9667,102.5,-5.58,100,96,2.24
1,Mataura,NZ,2021-10-27 02:11:50,-46.1927,168.8643,64.04,68,93,3.96
2,Corum,TR,2021-10-27 02:12:56,40.5,34.75,34.32,85,0,3.78
3,Ushuaia,AR,2021-10-27 02:11:21,-54.8,-68.3,40.66,65,20,16.11
4,Sao Mateus Do Sul,BR,2021-10-27 02:12:57,-25.8742,-50.3828,58.12,94,99,3.44
5,Siddipet,IN,2021-10-27 02:12:57,18.1,78.85,68.23,70,2,4.25
6,East London,ZA,2021-10-27 02:12:57,-33.0153,27.9116,67.15,85,100,18.86
7,Punganuru,IN,2021-10-27 02:12:58,13.3667,78.5833,70.2,86,71,3.65
8,Saldanha,ZA,2021-10-27 02:12:58,-33.0117,17.9442,63.79,68,77,7.45
9,Bambous Virieux,MU,2021-10-27 02:12:58,-20.3428,57.7575,73.22,65,54,13.24
10,Bacolod,PH,2021-10-27 02:09:48,10.6667,122.95,84.67,75,46,11.7
11,Rikitea,PF,2021-10-27 02:12:59,-23.1203,-134.9692,74.46,83,100,12.82
12,Mount Gambier,AU,2021-10-27 02:10:19,-37.8333,140.7667,80.51,22,100,17.27
13,Shingu,JP,2021-10-27 02:12:59,33.7333,135.9833,69.21,60,76,3.33
14,San Patricio,US,2021-10-27 02:11:52,28.017,-97.5169,81.84,79,77,15.95
15,Salalah,OM,2021-10-27 02:13:00,17.0151,54.0924,71.69,49,0,2.3
16,Kahului,US,2021-10-27 02:10:14,20.8947,-156.47,85.26,78,40,17.27
17,Taoudenni,ML,2021-10-27 02:13:00,22.6783,-3.9836,86.5,18,81,7.54
18,Airai,TL,2021-10-27 02:13:00,-8.9266,125.4092,79.68,35,96,2.82
19,Saint George,US,2021-10-27 02:12:41,37.1041,-113.5841,59.63,43,1,1.99
20,Atuona,PF,2021-10-27 02:13:01,-9.8,-139.0333,77.7,68,5,13.29
21,Cave Spring,US,2021-10-27 02:13:01,37.2276,-80.0128,52.09,60,75,1.99
22,Bluff,NZ,2021-10-27 02:11:17,-46.6,168.3333,57.99,73,54,3.8
23,Puerto Ayora,EC,2021-10-27 02:13:02,-0.7393,-90.3518,68.56,93,95,1.99
24,Undory,RU,2021-10-27 02:13:03,54.6085,48.3928,36.59,69,100,14.38
25,Port Alfred,ZA,2021-10-27 02:11:38,-33.5906,26.891,67.1,85,99,29.77
26,Hobart,AU,2021-10-27 02:12:36,-42.8794,147.3294,71.22,51,20,3.0
27,Punta Arenas,CL,2021-10-27 02:13:03,-53.15,-70.9167,44.71,70,40,18.41
28,San Carlos Del Zulia,VE,2021-10-27 02:13:03,9.0,-71.9135,76.98,89,100,3.83
29,Georgetown,MY,2021-10-27 02:12:27,5.4112,100.3354,84.13,79,20,5.75
30,Jamestown,US,2021-10-27 02:12:05,42.097,-79.2353,45.99,96,90,5.01
31,Longyearbyen,SJ,2021-10-27 02:08:15,78.2186,15.6401,15.64,73,75,6.91
32,Flinders,AU,2021-10-27 02:13:04,-34.5833,150.8552,77.81,67,4,5.99
33,Hithadhoo,MV,2021-10-27 02:13:04,-0.6,73.0833,83.88,69,100,15.32
34,Hambantota,LK,2021-10-27 02:13:05,6.1241,81.1185,78.62,75,99,5.08
35,Iskateley,RU,2021-10-27 02:13:05,67.6803,53.1512,14.72,93,8,5.66
36,Cape Town,ZA,2021-10-27 02:11:23,-33.9258,18.4232,65.26,66,27,1.99
37,Kyra,RU,2021-10-27 02:13:05,49.5776,111.9753,41.77,44,1,2.91
38,Takoradi,GH,2021-10-27 02:13:06,4.8845,-1.7554,76.75,89,75,4.18
39,Oudtshoorn,ZA,2021-10-27 02:13:06,-33.5907,22.2014,59.36,82,52,2.26
40,Laguna,US,2021-10-27 02:08:31,38.421,-121.4238,63.93,67,90,0.0
41,Kuliyapitiya,LK,2021-10-27 02:13:07,7.4688,80.0401,75.83,90,97,0.38
42,Ribeira Grande,PT,2021-10-27 02:11:19,38.5167,-28.7,69.87,90,100,22.35
43,Ponta Do Sol,PT,2021-10-27 02:13:07,32.6667,-17.1,69.01,63,4,3.49
44,Avarua,CK,2021-10-27 02:11:38,-21.2078,-159.775,77.05,69,75,11.5
45,Kassala,SD,2021-10-27 02:13:08,15.451,36.4,84.54,39,58,5.1
46,Faanui,PF,2021-10-27 02:13:08,-16.4833,-151.75,79.92,71,51,7.27
47,Saint-Pierre,RE,2021-10-27 02:13:08,-21.3393,55.4781,71.24,58,0,5.75
48,Dingle,PH,2021-10-27 02:13:08,10.9995,122.6711,83.79,78,69,9.22
49,Torres,BR,2021-10-27 02:13:09,-29.3353,-49.7269,63.82,75,2,5.95
50,Busselton,AU,2021-10-27 02:13:09,-33.65,115.3333,55.04,71,78,15.37
51,Hermanus,ZA,2021-10-27 02:11:56,-34.4187,19.2345,64.9,86,84,16.69
52,Lagoa,PT,2021-10-27 02:13:09,39.05,-27.9833,68.68,90,100,26.55
53,Nikolskoye,RU,2021-10-27 02:13:10,59.7035,30.7861,44.87,94,100,8.75
54,Kasongo-Lunda,CD,2021-10-27 02:13:10,-6.4667,16.8167,68.86,98,100,1.25
55,Hasaki,JP,2021-10-27 02:12:04,35.7333,140.8333,61.29,64,100,9.22
56,Severo-Kurilsk,RU,2021-10-27 02:08:58,50.6789,156.125,46.45,85,100,5.57
57,San Quintin,MX,2021-10-27 02:13:11,30.4833,-115.95,62.31,74,0,16.42
58,Flagstaff,US,2021-10-27 02:10:50,35.1981,-111.6513,46.31,53,1,7.0
59,Hurghada,EG,2021-10-27 02:13:11,27.2574,33.8129,71.13,55,0,14.47
60,Dogondoutchi,NE,2021-10-27 02:13:12,13.6393,4.0287,84.72,26,92,5.06
61,Namatanai,PG,2021-10-27 02:13:12,-3.6667,152.4333,83.62,72,51,6.13
62,Norman Wells,CA,2021-10-27 02:13:12,65.282,-126.8329,26.64,93,90,5.75
63,Itarema,BR,2021-10-27 02:08:20,-2.9248,-39.9167,80.1,75,8,16.24
64,Sechura,PE,2021-10-27 02:13:13,-5.5569,-80.8222,65.53,79,96,13.69
65,Coquimbo,CL,2021-10-27 02:13:13,-29.9533,-71.3436,55.13,94,20,3.44
66,Tasiilaq,GL,2021-10-27 02:11:17,65.6145,-37.6368,39.36,80,100,7.25
67,Caravelas,BR,2021-10-27 02:13:14,-17.7125,-39.2481,74.37,82,4,5.08
68,Qaanaaq,GL,2021-10-27 02:13:14,77.484,-69.3632,20.07,94,100,13.76
69,Astoria,US,2021-10-27 02:11:13,46.1879,-123.8313,55.85,89,90,4.0
70,Kapaa,US,2021-10-27 02:13:14,22.0752,-159.319,82.38,73,1,4.0
71,Ambilobe,MG,2021-10-27 02:13:15,-13.2,49.05,67.62,84,0,3.56
72,Portland,US,2021-10-27 02:10:08,45.5234,-122.6762,55.33,91,90,5.01
73,Dongsheng,CN,2021-10-27 02:12:23,39.8161,109.9776,44.01,28,93,0.4
74,Chokurdakh,RU,2021-10-27 02:12:36,70.6333,147.9167,-6.66,97,99,4.05
75,Bud,US,2021-10-27 02:13:15,39.447,-86.1758,46.22,93,0,5.66
76,Takaungu,KE,2021-10-27 02:13:15,-3.6837,39.8566,76.42,88,96,9.44
77,Sakakah,SA,2021-10-27 02:13:16,29.9697,40.2064,67.5,35,2,6.11
78,Ischia,IT,2021-10-27 02:13:16,40.7342,13.9471,64.38,79,100,8.01
79,Fortuna,US,2021-10-27 02:12:51,40.5982,-124.1573,57.42,74,90,5.99
80,Egvekinot,RU,2021-10-27 02:13:17,66.3167,-179.1667,4.8,83,96,7.09
81,Bredasdorp,ZA,2021-10-27 02:11:34,-34.5322,20.0403,64.27,85,100,15.68
82,Thompson,CA,2021-10-27 02:13:17,55.7435,-97.8558,41.36,71,100,10.36
83,Albany,US,2021-10-27 02:11:16,42.6001,-73.9662,53.8,94,100,1.01
84,Meulaboh,ID,2021-10-27 02:13:17,4.1363,96.1285,79.38,82,100,3.76
85,Celestun,MX,2021-10-27 02:13:18,20.8667,-90.4,81.91,82,82,11.25
86,Sun City West,US,2021-10-27 02:09:30,33.662,-112.3413,72.25,25,1,5.99
87,Honiara,SB,2021-10-27 02:13:18,-9.4333,159.95,88.81,63,68,3.98
88,Pacific Grove,US,2021-10-27 02:09:04,36.6177,-121.9166,62.11,78,40,1.01
89,Walvis Bay,NA,2021-10-27 02:11:13,-22.9575,14.5053,59.09,83,56,6.26
90,Iwaki,JP,2021-10-27 02:13:19,37.05,140.8833,67.01,66,100,1.99
91,Ghogha,IN,2021-10-27 02:13:19,21.6833,72.2833,75.31,78,20,0.0
92,Saskylakh,RU,2021-10-27 02:13:19,71.9167,114.0833,-0.44,98,99,2.06
93,Oranjemund,NA,2021-10-27 02:13:20,-28.55,16.4333,58.28,92,54,3.74
94,Haines Junction,CA,2021-10-27 02:13:20,60.7522,-137.5108,29.26,83,99,1.9
95,Cassilandia,BR,2021-10-27 02:13:20,-19.1133,-51.7342,74.52,75,71,4.07
96,Kysyl-Syr,RU,2021-10-27 02:12:13,63.8986,122.7617,20.91,90,100,8.81
97,Jalu,LY,2021-10-27 02:13:21,29.0331,21.5482,67.96,55,0,9.01
98,Mahebourg,MU,2021-10-27 02:13:21,-20.4081,57.7,73.26,66,66,13.42
99,Mar Del Plata,AR,2021-10-27 02:12:25,-38.0023,-57.5575,64.09,71,0,1.01
100,Auki,SB,2021-10-27 02:13:22,-8.7676,160.7034,87.78,62,73,5.79
101,Gamarra,CO,2021-10-27 02:13:22,8.3228,-73.7427,75.83,94,100,4.92
102,Spring Valley,US,2021-10-27 02:13:23,36.108,-115.245,63.79,30,1,3.44
103,Oktyabrskoye,RU,2021-10-27 02:13:23,43.0645,44.7417,30.34,100,2,2.24
104,Boyuibe,BO,2021-10-27 02:13:23,-20.4167,-63.2833,67.35,28,15,4.68
105,Nishihara,JP,2021-10-27 02:13:24,26.1842,127.7558,78.85,53,20,11.5
106,Cayenne,GF,2021-10-27 02:13:24,4.9333,-52.3333,81.09,87,0,4.0
107,Wucheng,CN,2021-10-27 02:13:24,29.6008,118.175,62.31,79,99,2.17
108,Vostok,RU,2021-10-27 02:13:25,46.4856,135.8833,37.65,96,100,3.22
109,Los Llanos De Aridane,ES,2021-10-27 02:13:25,28.6585,-17.9182,63.12,77,75,5.99
110,Hilo,US,2021-10-27 02:13:25,19.7297,-155.09,80.33,74,90,8.05
111,Cabo San Lucas,MX,2021-10-27 02:12:57,22.8909,-109.9124,80.62,71,40,5.99
112,Vanimo,PG,2021-10-27 02:12:37,-2.6741,141.3028,86.52,64,85,8.34
113,Lixourion,GR,2021-10-27 02:13:26,38.2019,20.4314,60.04,61,19,7.58
114,Mogadishu,SO,2021-10-27 02:13:26,2.0371,45.3438,79.09,80,13,10.25
115,Charagua,BO,2021-10-27 02:13:27,-19.8,-63.2167,67.82,33,46,5.08
116,Hamilton,US,2021-10-27 02:11:18,39.1834,-84.5333,47.79,83,1,0.0
117,Redlands,US,2021-10-27 02:13:27,34.0556,-117.1825,65.35,57,1,4.61
118,Butaritari,KI,2021-10-27 02:13:27,3.0707,172.7902,82.72,73,15,10.29
119,Kurumkan,RU,2021-10-27 02:13:28,54.3,110.3,34.16,78,57,2.95
120,Anchorage,US,2021-10-27 02:13:16,61.2181,-149.9003,35.65,72,90,0.0
121,Jieshi,CN,2021-10-27 02:13:28,22.8134,115.8257,78.94,76,76,16.15
122,Castro,BR,2021-10-27 02:13:28,-24.7911,-50.0119,57.49,93,95,6.53
123,Richards Bay,ZA,2021-10-27 02:13:29,-28.783,32.0377,65.95,90,100,4.85
124,Uglich,RU,2021-10-27 02:13:29,57.5275,38.3317,33.78,89,100,9.01
125,Kavaratti,IN,2021-10-27 02:13:29,10.5669,72.642,81.25,78,100,11.83
126,Arraial Do Cabo,BR,2021-10-27 02:08:38,-22.9661,-42.0278,71.76,97,100,7.05
127,Marrakesh,MA,2021-10-27 02:11:36,31.6315,-8.0083,57.27,82,0,3.44
128,Kodiak,US,2021-10-27 02:11:49,57.79,-152.4072,39.27,52,90,16.11
129,Torbay,CA,2021-10-27 02:13:30,47.6666,-52.7314,39.58,86,60,1.99
130,Vaini,TO,2021-10-27 02:11:13,-21.2,-175.2,74.03,74,23,18.43
131,Cockburn Town,TC,2021-10-27 02:12:18,21.4612,-71.1419,82.0,76,74,3.69
132,Asau,RO,2021-10-27 02:13:31,46.4333,26.4,36.75,59,0,5.03
133,Clyde River,CA,2021-10-27 02:13:31,70.4692,-68.5914,22.96,82,100,4.85
134,Charters Towers,AU,2021-10-27 02:13:32,-20.1,146.2667,93.13,29,1,11.27
135,Thinadhoo,MV,2021-10-27 02:13:32,0.5333,72.9333,83.89,70,86,15.23
136,Talnakh,RU,2021-10-27 02:13:32,69.4865,88.3972,10.96,90,100,4.43
137,Port Elizabeth,ZA,2021-10-27 02:11:31,-33.918,25.5701,67.1,85,95,22.73
138,Anahuac,MX,2021-10-27 02:13:33,27.2333,-100.15,86.32,45,52,14.27
139,Plouzane,FR,2021-10-27 02:13:33,48.3833,-4.6167,57.38,94,90,14.97
140,Bengkulu,ID,2021-10-27 02:12:03,-3.8004,102.2655,75.61,91,100,7.96
141,Mount Isa,AU,2021-10-27 02:12:20,-20.7333,139.5,96.57,21,40,5.75
142,Souillac,MU,2021-10-27 02:12:14,-20.5167,57.5167,73.36,68,58,12.28
143,Harper,LR,2021-10-27 02:13:34,4.375,-7.7169,76.71,90,98,5.37
144,Porto Murtinho,BR,2021-10-27 02:13:34,-21.6989,-57.8825,74.68,53,100,5.12
145,Amga,RU,2021-10-27 02:12:15,60.8953,131.9608,33.75,86,94,3.56
146,Sinazongwe,ZM,2021-10-27 02:13:34,-17.2614,27.4618,77.7,56,100,1.81
147,Falkenberg,SE,2021-10-27 02:13:35,56.9055,12.4912,51.26,93,100,16.98
148,Batticaloa,LK,2021-10-27 02:13:35,7.7102,81.6924,79.38,82,99,7.78
149,Jacmel,HT,2021-10-27 02:13:36,18.2342,-72.5347,82.24,78,5,2.98
150,Bilma,NE,2021-10-27 02:13:35,18.6853,12.9164,78.78,16,0,5.26
151,Gizycko,PL,2021-10-27 02:13:36,54.0381,21.7644,43.14,95,17,9.75
152,Ahuimanu,US,2021-10-27 02:13:08,21.4447,-157.8378,85.14,63,40,11.5
153,Dembi Dolo,ET,2021-10-27 02:13:36,8.5333,34.8,55.69,82,27,4.74
154,Mao,ES,2021-10-27 02:13:37,39.8885,4.2658,61.36,72,75,4.61
155,High Level,CA,2021-10-27 02:13:37,58.5169,-117.136,39.31,100,90,3.44
156,Umba,RU,2021-10-27 02:13:37,66.6871,34.3429,29.86,94,100,14.94
157,Jiuquan,CN,2021-10-27 02:13:38,39.7432,98.5174,43.27,55,0,1.74
158,Benalla,AU,2021-10-27 02:13:38,-36.55,145.9833,73.15,41,5,8.48
159,Faya,SA,2021-10-27 02:13:25,18.3851,42.4509,55.92,73,4,0.78
160,Hervey Bay,AU,2021-10-27 02:13:38,-25.2986,152.8535,82.51,71,15,9.78
161,Shimoda,JP,2021-10-27 02:12:44,34.6667,138.95,65.1,73,94,2.98
162,Geraldton,AU,2021-10-27 02:11:23,-28.7667,114.6,62.13,82,75,17.27
163,Mayo,US,2021-10-27 02:13:39,38.8876,-76.5119,54.41,70,90,13.0
164,Tuktoyaktuk,CA,2021-10-27 02:13:39,69.4541,-133.0374,28.4,100,90,2.3
165,Kaeo,NZ,2021-10-27 02:13:40,-35.1,173.7833,68.45,62,96,6.46
166,Zhigansk,RU,2021-10-27 02:13:40,66.7697,123.3711,13.95,91,89,10.0
167,Broome,US,2021-10-27 02:13:40,42.2506,-75.833,55.02,81,90,3.0
168,Neuquen,AR,2021-10-27 02:08:56,-38.9516,-68.0591,71.49,33,0,3.44
169,Tuatapere,NZ,2021-10-27 02:13:41,-46.1333,167.6833,60.22,82,88,5.01
170,Banda Aceh,ID,2021-10-27 02:13:41,5.5577,95.3222,81.48,75,100,5.01
171,Cairns,AU,2021-10-27 02:12:06,-16.9167,145.7667,94.06,53,6,12.66
172,Ostrowiec Swietokrzyski,PL,2021-10-27 02:13:41,50.9294,21.3853,45.95,81,99,6.76
173,Akdepe,TM,2021-10-27 02:13:42,42.0551,59.3788,42.8,63,100,6.98
174,Mahibadhoo,MV,2021-10-27 02:13:42,3.7833,72.9667,82.0,76,73,11.27
175,Sitka,US,2021-10-27 02:13:43,57.0531,-135.33,49.89,57,90,9.22
176,Provideniya,RU,2021-10-27 02:12:01,64.3833,-173.3,19.51,68,90,6.71
177,Katsuura,JP,2021-10-27 02:11:54,35.1333,140.3,62.71,81,100,9.42
178,Belomorsk,RU,2021-10-27 02:13:43,64.5232,34.7668,41.61,96,100,10.2
179,Boli,CN,2021-10-27 02:13:44,45.7667,130.5167,50.2,43,100,11.16
180,Broken Hill,AU,2021-10-27 02:13:44,-31.95,141.4333,87.73,10,18,16.75
181,Aden,YE,2021-10-27 02:13:44,12.7794,45.0367,84.06,58,0,14.9
182,Deputatskiy,RU,2021-10-27 02:13:10,69.3,139.9,4.96,91,100,2.8
183,Bethel,US,2021-10-27 02:12:43,41.3712,-73.414,56.55,92,90,1.99
184,Amapa,BR,2021-10-27 02:13:26,1.0,-52.0,73.92,90,100,4.5
185,Hitoyoshi,JP,2021-10-27 02:13:45,32.2167,130.75,65.64,41,50,4.59
186,Ahipara,NZ,2021-10-27 02:13:45,-35.1667,173.1667,68.47,67,97,6.82
187,Lavrentiya,RU,2021-10-27 02:13:46,65.5833,-171.0,13.64,71,97,6.31
188,Yellowknife,CA,2021-10-27 02:12:47,62.456,-114.3525,40.41,100,100,3.44
189,Fuling,CN,2021-10-27 02:13:46,29.7022,107.3919,63.19,73,96,2.15
190,Saint-Philippe,RE,2021-10-27 02:11:53,-21.3585,55.7679,71.15,74,17,10.02
191,Hami,CN,2021-10-27 02:13:46,42.8,93.45,52.25,28,0,1.81
192,Barrow,US,2021-10-27 02:11:15,71.2906,-156.7887,8.62,78,90,6.91
193,Pangnirtung,CA,2021-10-27 02:11:26,66.1451,-65.7125,26.15,90,89,7.05
194,Lebu,CL,2021-10-27 02:11:15,-37.6167,-73.65,52.14,87,0,15.48
195,Anloga,GH,2021-10-27 02:13:47,5.7947,0.8973,80.13,78,92,5.26
196,New Norfolk,AU,2021-10-27 02:12:27,-42.7826,147.0587,70.88,38,0,1.99
197,Nemuro,JP,2021-10-27 02:12:54,43.3236,145.575,54.36,74,3,4.56
198,Baile Govora,RO,2021-10-27 02:13:48,45.0833,24.1833,36.23,60,0,3.31
199,Lata,PT,2021-10-27 02:13:48,40.1629,-8.3327,58.82,66,68,4.23
200,Tocopilla,CL,2021-10-27 02:11:53,-22.092,-70.1979,62.37,68,1,2.06
201,Nome,US,2021-10-27 02:13:49,64.5011,-165.4064,24.87,69,90,4.61
202,Pontes E Lacerda,BR,2021-10-27 02:13:49,-15.2261,-59.3353,71.58,76,99,2.77
203,Ceres,US,2021-10-27 02:12:34,37.5949,-120.9577,64.31,62,90,6.91
204,Yulara,AU,2021-10-27 02:13:49,-25.2406,130.9889,96.64,17,3,17.27
205,Abu Dhabi,AE,2021-10-27 02:12:15,24.4667,54.3667,82.42,61,0,2.3
206,Dakar,SN,2021-10-27 02:12:10,14.6937,-17.4441,79.68,76,66,10.63
207,Sikasso,ML,2021-10-27 02:13:50,10.9167,-7.0,76.69,75,100,2.98
208,Sembe,CG,2021-10-27 02:13:50,1.6481,14.5806,69.98,99,100,0.76
209,Batagay-Alyta,RU,2021-10-27 02:13:51,67.8006,130.4114,11.82,86,100,2.93
210,Saint Simons,US,2021-10-27 02:13:51,31.1352,-81.3901,67.01,75,1,4.61
211,Aklavik,CA,2021-10-27 02:13:51,68.2191,-135.0107,22.46,96,100,5.57
212,Baykit,RU,2021-10-27 02:13:52,61.67,96.37,33.46,88,99,14.38
213,Itoman,JP,2021-10-27 02:13:52,26.1247,127.6694,79.57,53,20,14.97
214,Tiksi,RU,2021-10-27 02:13:53,71.6872,128.8694,14.13,94,100,3.53
215,Vaitape,PF,2021-10-27 02:13:53,-16.5167,-151.75,79.9,71,51,7.25
216,Pisco,PE,2021-10-27 02:11:41,-13.7,-76.2167,61.02,82,0,6.91
217,Esperance,AU,2021-10-27 02:13:53,-33.8667,121.9,62.29,46,100,6.64
218,Vestmannaeyjar,IS,2021-10-27 02:13:54,63.4427,-20.2734,44.67,82,100,24.67
219,Nanakuli,US,2021-10-27 02:13:54,21.3906,-158.1547,85.37,51,1,8.05
220,Carutapera,BR,2021-10-27 02:10:36,-1.195,-46.02,79.34,81,98,9.33
221,Carnarvon,AU,2021-10-27 02:11:58,-24.8667,113.6333,71.67,49,90,13.8
222,West Wendover,US,2021-10-27 02:13:55,40.7391,-114.0733,45.61,49,1,12.66
223,Ostrovnoy,RU,2021-10-27 02:13:55,68.0531,39.5131,30.54,83,100,19.53
224,Kenai,US,2021-10-27 02:11:49,60.5544,-151.2583,37.45,73,75,0.0
225,Izhma,RU,2021-10-27 02:13:55,65.0083,53.9113,21.31,92,100,4.32
226,Kashi,CN,2021-10-27 02:13:56,39.4547,75.9797,44.76,45,4,1.16
227,Koungheul,SN,2021-10-27 02:13:56,13.9833,-14.8,79.95,74,99,6.6
228,Zarubino,RU,2021-10-27 02:13:57,42.63,131.0922,54.0,51,0,15.12
229,Calama,CL,2021-10-27 02:13:57,-22.4667,-68.9333,51.19,21,0,4.29
230,Skoghall,SE,2021-10-27 02:13:57,59.3232,13.4655,46.96,100,75,9.22
231,Vardo,NO,2021-10-27 02:13:57,70.3705,31.1107,35.24,57,100,23.4
232,Pudem,RU,2021-10-27 02:13:58,58.3044,52.1675,30.94,96,100,8.63
233,Kisac,RS,2021-10-27 02:13:58,45.3503,19.7286,46.24,75,82,1.74
234,Ust-Tsilma,RU,2021-10-27 02:11:47,65.441,52.1498,21.45,91,100,5.21
235,Den Helder,NL,2021-10-27 02:13:59,52.9599,4.7593,59.99,90,90,15.99
236,Abu Samrah,SY,2021-10-27 02:13:59,35.3029,37.1841,61.68,45,22,4.34
237,Touros,BR,2021-10-27 02:14:00,-5.1989,-35.4608,76.1,75,16,15.1
238,Puerto Maldonado,PE,2021-10-27 02:14:00,-12.6,-69.1833,71.28,79,75,2.04
239,Dikson,RU,2021-10-27 02:14:00,73.5069,80.5464,12.74,88,100,9.31
240,Sambava,MG,2021-10-27 02:14:01,-14.2667,50.1667,70.03,84,0,9.4
241,Fort Nelson,CA,2021-10-27 02:14:01,58.8053,-122.7002,37.22,83,100,1.77
242,Yinchuan,CN,2021-10-27 02:14:01,38.4681,106.2731,51.31,32,99,8.81
243,Ilulissat,GL,2021-10-27 02:14:02,69.2167,-51.1,10.42,56,4,5.75
244,Port Hardy,CA,2021-10-27 02:14:03,50.6996,-127.4199,46.58,93,90,5.75
245,Ipixuna,BR,2021-10-27 02:14:03,-1.7625,-48.8043,78.75,90,17,4.76
246,Kathmandu,NP,2021-10-27 02:09:11,27.7167,85.3167,61.02,88,20,2.3
247,Wichita Falls,US,2021-10-27 02:14:03,33.9137,-98.4934,79.86,67,1,10.0
248,Bambanglipuro,ID,2021-10-27 02:14:04,-7.95,110.2833,83.8,71,99,10.31
249,Chuy,UY,2021-10-27 02:11:50,-33.6971,-53.4616,66.13,86,0,6.78
250,Ilorin,NG,2021-10-27 02:14:04,8.5,4.55,75.56,84,93,6.64
251,Cochabamba,BO,2021-10-27 02:14:05,-17.3895,-66.1568,61.2,45,98,1.01
252,Srednekolymsk,RU,2021-10-27 02:14:05,67.45,153.6833,1.72,92,33,3.11
253,Narsaq,GL,2021-10-27 02:14:05,60.9167,-46.05,35.82,59,88,7.54
254,Fort William,GB,2021-10-27 02:14:06,56.8165,-5.1121,54.79,96,85,5.46
255,Medenychi,UA,2021-10-27 02:14:06,49.4305,23.7507,35.29,59,100,5.35
256,Rawson,AR,2021-10-27 02:13:11,-43.3002,-65.1023,66.4,39,2,15.9
257,Atambua,ID,2021-10-27 02:14:06,-9.1061,124.8925,87.84,48,100,3.4
258,Ylivieska,FI,2021-10-27 02:14:07,64.0833,24.55,40.32,94,100,4.21
259,Chumikan,RU,2021-10-27 02:14:07,54.7183,135.315,36.88,98,100,3.18
260,Erenhot,CN,2021-10-27 02:14:07,43.6475,111.9767,44.33,34,0,8.41
261,Okhotsk,RU,2021-10-27 02:12:28,59.3833,143.3,26.1,84,100,5.53
262,Sabzevar,IR,2021-10-27 02:14:08,36.2126,57.6819,53.24,33,94,5.28
263,Bagdarin,RU,2021-10-27 02:14:08,54.4333,113.6,35.2,62,66,1.1
264,Bubaque,GW,2021-10-27 02:14:08,11.2833,-15.8333,81.95,74,97,7.18
265,Betioky,MG,2021-10-27 02:14:09,-23.7167,44.3833,67.24,95,24,3.65
266,Olafsvik,IS,2021-10-27 02:14:09,64.8945,-23.7142,41.76,87,100,37.85
267,Maypangdan,PH,2021-10-27 02:14:09,11.6519,125.4503,82.09,83,100,8.01
268,Tromso,NO,2021-10-27 02:09:36,69.6496,18.957,33.82,60,75,8.05
269,Moscow,RU,2021-10-27 02:09:46,55.7522,37.6156,39.38,71,100,11.01
270,Along,IN,2021-10-27 02:14:10,28.1667,94.7667,67.21,78,3,0.92
271,Ndende,GA,2021-10-27 02:14:10,-2.4008,11.3581,73.15,99,100,1.48
272,Chifeng,CN,2021-10-27 02:14:11,42.2683,118.9636,51.15,34,0,13.29
273,Ancud,CL,2021-10-27 02:14:11,-41.8697,-73.8203,52.43,91,91,4.0
274,Merauke,ID,2021-10-27 02:12:23,-8.4667,140.3333,88.61,61,78,6.4
275,Anadyr,RU,2021-10-27 02:14:12,64.75,177.4833,3.7,85,75,13.42
276,Strai,NO,2021-10-27 02:14:12,58.2,7.9,54.63,94,90,13.8
277,Petropavlovsk-Kamchatskiy,RU,2021-10-27 02:13:56,53.0452,158.6483,46.99,57,0,11.18
278,Halifax,CA,2021-10-27 02:09:48,44.6453,-63.5724,52.21,88,100,5.99
279,Hastings,GB,2021-10-27 02:14:12,50.8552,0.5729,60.91,81,97,19.73
280,Show Low,US,2021-10-27 02:10:29,34.2542,-110.0298,45.72,46,1,6.91
281,Kitimat,CA,2021-10-27 02:14:13,54.0524,-128.6534,43.92,28,100,2.04
282,Klaksvik,FO,2021-10-27 02:12:33,62.2266,-6.589,50.92,84,0,22.48
283,Palmer,US,2021-10-27 02:14:13,42.1584,-72.3287,53.73,80,90,4.0
284,Papara,BR,2021-10-27 02:14:14,-3.9839,-38.7273,81.0,83,26,4.92
285,Mehamn,NO,2021-10-27 02:14:14,71.0357,27.8492,32.63,59,100,19.69
286,Kargil,IN,2021-10-27 02:14:14,34.5667,76.1,29.28,56,73,2.73
287,Margate,GB,2021-10-27 02:14:15,51.3813,1.3862,60.51,85,89,4.0
288,Kwinana,AU,2021-10-27 02:14:15,-32.25,115.7667,61.23,68,46,17.27
289,Flin Flon,CA,2021-10-27 02:13:31,54.7682,-101.865,39.0,95,100,7.07
290,Ardakan,IR,2021-10-27 02:14:15,32.31,54.0175,56.21,26,0,8.55
291,Luanda,AO,2021-10-27 02:10:44,-8.8368,13.2343,73.2,79,90,7.09
292,Atherton,GB,2021-10-27 02:14:16,53.5237,-2.4935,60.89,77,100,8.01
293,Menongue,AO,2021-10-27 02:14:16,-14.6585,17.691,64.44,80,88,7.16
294,Maceio,BR,2021-10-27 02:14:16,-9.6658,-35.7353,76.44,94,20,3.44
295,Beringovskiy,RU,2021-10-27 02:14:17,63.05,179.3167,8.73,83,100,22.95
296,Guerrero Negro,MX,2021-10-27 02:14:17,27.9769,-114.0611,66.2,70,0,15.12
297,Marzuq,YE,2021-10-27 02:09:43,14.4,46.4667,67.64,55,1,2.71
298,Bilibino,RU,2021-10-27 02:14:18,68.0546,166.4372,-13.29,99,98,0.76
299,Aksarayskiy,RU,2021-10-27 02:14:18,46.7924,48.0119,39.15,77,3,1.43
300,Caucaia,BR,2021-10-27 02:14:18,-3.7361,-38.6531,82.35,72,75,16.11
301,Constitucion,CL,2021-10-27 02:14:18,-35.3333,-72.4167,53.08,88,8,12.5
302,San Ramon,US,2021-10-27 02:12:53,37.7799,-121.978,63.21,69,90,1.01
303,Victoria,HK,2021-10-27 02:14:15,22.2855,114.1577,81.25,77,95,1.99
304,Sorland,NO,2021-10-27 02:12:25,67.667,12.6934,46.56,87,31,14.83
305,Ugoofaaru,MV,2021-10-27 02:14:19,5.6667,73.0,80.67,78,100,7.56
306,Saint-Augustin,CA,2021-10-27 02:14:19,51.226,-58.6502,38.17,74,10,6.53
307,Gualaquiza,EC,2021-10-27 02:14:20,-3.4,-78.55,61.83,98,97,1.01
308,Banjar,ID,2021-10-27 02:14:20,-8.19,114.9675,84.06,73,89,0.72
309,Evensk,RU,2021-10-27 02:14:20,61.95,159.2333,14.72,74,0,4.65
310,Porto Novo,BJ,2021-10-27 02:14:21,6.4965,2.6036,77.7,82,75,3.91
311,Balkhash,KZ,2021-10-27 02:14:21,46.844,74.9804,39.81,70,0,13.42
312,Taksimo,RU,2021-10-27 02:14:21,56.3444,114.8794,31.87,73,51,1.01
313,Rodrigues Alves,BR,2021-10-27 02:14:22,-7.738,-72.6509,71.53,91,99,2.64
314,Galeana,MX,2021-10-27 02:14:22,24.8333,-100.0667,66.31,61,44,7.74
315,Muisne,EC,2021-10-27 02:11:29,0.6,-80.0333,75.97,88,100,9.01
316,Mishawaka,US,2021-10-27 02:14:24,41.662,-86.1586,46.17,92,1,0.0
317,Dalby,AU,2021-10-27 02:14:24,-27.1833,151.2667,89.98,31,25,1.99
318,Bereda,ES,2021-10-27 02:14:24,43.2686,-7.5406,49.41,100,39,1.39
319,Nacala,MZ,2021-10-27 02:14:25,-14.5428,40.6728,72.48,92,0,5.01
320,Pevek,RU,2021-10-27 02:11:19,69.7008,170.3133,11.08,93,100,13.09
321,Grand Gaube,MU,2021-10-27 02:14:25,-20.0064,57.6608,73.38,67,4,7.0
322,Miri,MY,2021-10-27 02:14:26,4.4148,114.0089,85.26,67,98,0.43
323,Prince Rupert,CA,2021-10-27 02:14:26,54.3161,-130.3201,42.98,91,100,9.24
324,Kibala,TD,2021-10-27 02:11:32,9.1104,18.3463,72.64,87,98,4.21
325,Aswan,EG,2021-10-27 02:14:26,24.0934,32.907,76.71,41,75,9.42
326,Tabory,RU,2021-10-27 02:14:27,58.5198,64.5495,25.75,98,82,3.29
327,Vershino-Shakhtaminskiy,RU,2021-10-27 02:12:11,51.3012,117.8868,37.71,51,1,6.73
328,Soyo,AO,2021-10-27 02:14:27,-6.1349,12.3689,75.92,86,99,8.88
329,Ribeira Brava,PT,2021-10-27 02:14:27,32.65,-17.0667,69.01,65,4,4.0
330,Kavieng,PG,2021-10-27 02:14:28,-2.5744,150.7967,85.5,65,98,3.4
331,San Jose Del Castillo,MX,2021-10-27 02:14:28,20.5333,-103.2333,68.02,59,75,8.05
332,Turukhansk,RU,2021-10-27 02:13:37,65.8167,87.9833,21.43,92,100,16.93
333,Nanortalik,GL,2021-10-27 02:14:29,60.1432,-45.2371,35.53,64,82,3.67
334,Bafq,IR,2021-10-27 02:14:29,31.6128,55.4107,56.53,26,0,1.99
335,Berlevag,NO,2021-10-27 02:14:29,70.8578,29.0864,33.76,58,100,19.66
336,Vila Velha,BR,2021-10-27 02:14:30,-20.3297,-40.2925,75.15,88,40,3.44
337,Kaitangata,NZ,2021-10-27 02:11:35,-46.2817,169.8464,59.47,72,67,7.29
338,Odesskoye,RU,2021-10-27 02:14:30,54.2111,72.9651,27.46,69,65,8.12
339,Chicama,PE,2021-10-27 02:14:30,-7.8447,-79.1469,65.88,78,55,7.07
340,Yaan,NG,2021-10-27 02:14:31,7.3833,8.5667,75.36,89,95,3.65
341,Vikulovo,RU,2021-10-27 02:14:31,56.8167,70.6107,28.76,73,98,10.63
342,Lucapa,AO,2021-10-27 02:14:31,-8.4192,20.7447,63.68,95,100,3.56
343,Iqaluit,CA,2021-10-27 02:11:46,63.7506,-68.5145,27.7,86,100,8.01
344,Tessalit,ML,2021-10-27 02:14:32,20.1986,1.0114,79.9,16,69,8.05
345,Shenjiamen,CN,2021-10-27 02:14:32,29.9576,122.298,67.46,61,27,12.75
346,Dudinka,RU,2021-10-27 02:14:32,69.4058,86.1778,12.52,94,100,9.78
347,Sola,VU,2021-10-27 02:14:33,-13.8833,167.55,81.28,76,3,12.46
348,Mildura,AU,2021-10-27 02:14:33,-34.2,142.15,87.08,8,85,13.8
349,General Roca,AR,2021-10-27 02:14:34,-39.0333,-67.5833,76.62,20,0,11.52
350,Adrar,MR,2021-10-27 02:14:34,20.5022,-10.0711,75.85,36,31,11.14
351,Sembakung,ID,2021-10-27 02:14:34,3.8167,117.25,82.33,63,100,1.25
352,Kodinar,IN,2021-10-27 02:14:35,20.7903,70.7031,76.32,60,2,7.76
353,Kirkenaer,NO,2021-10-27 02:14:35,60.4564,12.0582,42.28,90,100,8.34
354,Port Lincoln,AU,2021-10-27 02:14:35,-34.7333,135.8667,72.16,55,39,10.78
355,Tahta,EG,2021-10-27 02:14:35,26.7693,31.5021,70.88,34,0,6.91
356,Puerto Carreno,CO,2021-10-27 02:14:36,6.189,-67.4859,77.4,89,100,3.04
357,Chagoda,RU,2021-10-27 02:14:36,59.164,35.3285,35.56,92,100,7.52
358,Bordighera,IT,2021-10-27 02:14:36,43.7806,7.6645,60.15,56,0,3.62
359,Najran,SA,2021-10-27 02:14:37,17.4924,44.1277,61.5,19,3,0.36
360,Nazare,BR,2021-10-27 02:14:37,-13.035,-39.0144,71.42,95,4,2.77
361,Kaiyuan,CN,2021-10-27 02:14:38,23.6977,103.3037,65.05,82,97,2.86
362,Fairbanks,US,2021-10-27 02:10:02,64.8378,-147.7164,31.96,90,90,3.44
363,Isangel,VU,2021-10-27 02:14:34,-19.55,169.2667,82.31,71,22,7.27
364,Ratnagiri,IN,2021-10-27 02:14:38,16.9833,73.3,74.98,60,0,6.38
365,Palatka,US,2021-10-27 02:14:39,29.6486,-81.6376,71.58,61,4,4.27
366,Odweyne,SO,2021-10-27 02:14:39,9.4092,45.064,70.48,46,10,1.34
367,Sao Joao Da Barra,BR,2021-10-27 02:12:36,-21.6403,-41.0511,73.02,93,100,5.03
368,Bloomington,US,2021-10-27 02:09:59,44.8408,-93.2983,52.68,55,75,1.01
369,Imeni Vorovskogo,RU,2021-10-27 02:14:39,55.7233,38.3414,39.45,74,100,10.36
370,Sao Filipe,CV,2021-10-27 02:14:40,14.8961,-24.4956,78.93,77,61,11.36
371,Upernavik,GL,2021-10-27 02:11:56,72.7868,-56.1549,17.58,47,99,4.21
372,Epernay,FR,2021-10-27 02:14:40,49.05,3.95,46.51,85,97,5.3
373,Peniche,PT,2021-10-27 02:14:40,39.3558,-9.3811,65.62,88,6,7.2
374,Camp Verde,US,2021-10-27 02:14:41,34.5636,-111.8543,59.67,34,0,1.99
375,Bataipora,BR,2021-10-27 02:11:47,-22.2953,-53.2711,72.3,76,98,2.48
376,Yongan,CN,2021-10-27 02:14:41,39.6957,113.6871,47.35,31,35,2.33
377,El Cobre,CU,2021-10-27 02:14:42,20.0489,-75.9469,81.84,78,40,2.3
378,Isla Vista,US,2021-10-27 02:14:42,34.4133,-119.861,65.12,66,1,0.0
379,Hobyo,SO,2021-10-27 02:14:42,5.3505,48.5268,80.11,76,58,7.76
380,Vila Franca Do Campo,PT,2021-10-27 02:14:43,37.7167,-25.4333,70.21,86,39,14.58
381,Sisimiut,GL,2021-10-27 02:14:43,66.9395,-53.6735,20.12,59,45,8.19
382,Nhulunbuy,AU,2021-10-27 02:14:43,-12.2333,136.7667,90.21,58,75,9.22
383,Codrington,AU,2021-10-27 02:14:44,-38.2667,141.9667,73.08,45,44,19.62
384,Maraa,BR,2021-10-27 02:14:44,-1.8333,-65.3667,73.71,98,100,0.76
385,Kelheim,DE,2021-10-27 02:14:44,48.9167,11.8667,41.9,93,98,2.1
386,Quesnel,CA,2021-10-27 02:14:44,52.9999,-122.5029,52.3,50,90,29.93
387,Namibe,AO,2021-10-27 02:11:59,-15.1961,12.1522,64.72,71,78,8.19
388,Cabinda,AO,2021-10-27 02:14:45,-5.55,12.2,76.46,86,100,7.72
389,Junqueiro,BR,2021-10-27 02:14:45,-9.9253,-36.4758,70.27,92,16,4.29
390,Pokhara,NP,2021-10-27 02:14:46,28.2333,83.9833,64.53,57,9,3.06
391,Yumen,CN,2021-10-27 02:14:46,40.2833,97.2,41.79,57,0,2.24
392,Puerto Escondido,MX,2021-10-27 02:14:46,15.85,-97.0667,81.18,86,89,7.4
393,Conde,BR,2021-10-27 02:14:46,-7.2597,-34.9075,74.66,88,20,3.44
394,Villa Carlos Paz,AR,2021-10-27 02:14:47,-31.4241,-64.4978,80.24,14,5,7.2
395,Jilin,CN,2021-10-27 02:14:47,43.0,126.0,48.15,48,3,11.86
396,Port Blair,IN,2021-10-27 02:14:47,11.6667,92.75,84.24,84,40,2.3
397,Port-Gentil,GA,2021-10-27 02:14:48,-0.7193,8.7815,77.45,88,100,13.76
398,Pimentel,PE,2021-10-27 02:14:48,-6.8367,-79.9342,63.54,86,37,11.95
399,Luderitz,NA,2021-10-27 02:14:48,-26.6481,15.1594,57.36,87,2,3.15
400,Vitim,RU,2021-10-27 02:14:49,59.4511,112.5578,26.13,81,100,3.76
401,Comodoro Rivadavia,AR,2021-10-27 02:14:49,-45.8667,-67.5,64.26,39,0,23.02
402,Huanren,CN,2021-10-27 02:14:49,41.2647,125.3667,50.86,54,5,2.39
403,Horsham,GB,2021-10-27 02:14:50,51.064,-0.3272,60.64,87,75,11.5
404,Chiang Khong,TH,2021-10-27 02:14:50,20.2613,100.4046,74.8,89,59,0.22
405,Davila,PH,2021-10-27 02:14:50,18.4726,120.5763,84.88,64,21,14.67
406,Aquin,HT,2021-10-27 02:14:51,18.2833,-73.4,77.77,78,9,2.86
407,Yining,CN,2021-10-27 02:14:51,29.0361,114.5636,67.5,64,90,2.26
408,Sile,TR,2021-10-27 02:14:51,41.1754,29.6133,51.57,69,37,1.01
409,Sao Jose Da Coroa Grande,BR,2021-10-27 02:14:52,-8.8978,-35.1478,75.85,82,3,9.31
410,Nuevo Progreso,MX,2021-10-27 02:14:52,23.1667,-97.95,83.59,77,31,4.0
411,Kodinsk,RU,2021-10-27 02:14:52,58.6881,99.1844,46.0,63,100,16.33
412,Kamyshin,RU,2021-10-27 02:14:53,50.0983,45.416,31.98,57,20,7.49
413,Mindelo,CV,2021-10-27 02:14:53,16.8901,-24.9804,76.55,73,75,14.97
414,Rumilly,FR,2021-10-27 02:14:53,45.8667,5.95,49.95,90,0,2.3
415,Manicore,BR,2021-10-27 02:14:54,-5.8092,-61.3003,76.59,84,95,2.28
416,Svetlyy,RU,2021-10-27 02:13:36,54.675,20.1347,48.25,91,13,12.46
417,Owando,CG,2021-10-27 02:14:54,-0.4819,15.8999,70.39,98,93,2.57
418,Sao Pedro Do Sul,BR,2021-10-27 02:14:55,-29.6206,-54.1789,65.39,66,0,3.91
419,Birao,CF,2021-10-27 02:14:55,10.2849,22.7882,73.51,48,94,1.63
420,Seoul,KR,2021-10-27 02:11:07,37.5683,126.9778,61.99,46,0,7.83
421,Lorengau,PG,2021-10-27 02:14:55,-2.0226,147.2712,86.11,65,11,5.82
422,Yar-Sale,RU,2021-10-27 02:14:56,66.8333,70.8333,16.88,93,99,9.01
423,Santa Rosa,PH,2021-10-27 02:10:16,14.3122,121.1114,88.86,64,100,10.4
424,Lashio,MM,2021-10-27 02:14:56,22.9333,97.75,66.92,95,95,1.05
425,Benito Juarez,MX,2021-10-27 02:14:57,19.385,-99.165,68.0,61,1,3.0
426,Arganil,PT,2021-10-27 02:14:57,40.2183,-8.054,58.68,91,46,3.74
427,Tadine,NC,2021-10-27 02:14:57,-21.55,167.8833,78.08,74,100,6.08
428,Naze,JP,2021-10-27 02:14:58,28.3667,129.4833,70.23,56,46,12.64
429,Tura,IN,2021-10-27 02:14:58,25.5198,90.2201,72.36,80,0,2.42
430,Salekhard,RU,2021-10-27 02:14:58,66.53,66.6019,13.46,88,80,4.85
431,North Bend,US,2021-10-27 02:14:59,43.4065,-124.2243,57.85,97,90,11.5
432,Ingleside,US,2021-10-27 02:14:59,27.8778,-97.2117,82.4,89,1,10.36
433,Jawhar,SO,2021-10-27 02:14:59,2.7809,45.5005,76.26,81,5,7.61
434,Elban,RU,2021-10-27 02:15:00,50.1018,136.5094,46.15,78,98,7.05
435,Cherskiy,RU,2021-10-27 02:15:00,68.75,161.3,-13.68,98,41,3.94
436,Kloulklubed,PW,2021-10-27 02:15:00,7.0419,134.2556,88.3,72,46,8.86
437,Bureya,RU,2021-10-27 02:15:02,49.8133,129.8131,41.76,65,100,4.36
438,Kolokani,ML,2021-10-27 02:15:03,13.5728,-8.0339,77.31,64,45,7.9
439,Trairi,BR,2021-10-27 02:13:58,-3.2778,-39.2689,79.95,73,21,12.08
440,Cidreira,BR,2021-10-27 02:15:04,-30.1811,-50.2056,67.8,75,0,10.78
441,Togul,RU,2021-10-27 02:15:05,53.465,85.9128,33.13,65,100,9.28
442,Sinnamary,GF,2021-10-27 02:15:05,5.3833,-52.95,78.06,90,63,9.84
443,Muros,ES,2021-10-27 02:11:34,42.7762,-9.0603,60.84,96,15,4.52
444,Ulladulla,AU,2021-10-27 02:15:06,-35.35,150.4667,78.76,47,6,9.24
445,Benguela,AO,2021-10-27 02:15:07,-12.5763,13.4055,72.86,74,94,2.21
446,Jatiroto,ID,2021-10-27 02:15:08,-7.8833,111.1167,83.82,68,100,4.21
447,Makakilo City,US,2021-10-27 02:15:08,21.3469,-158.0858,83.95,51,1,8.05
448,Ust-Nera,RU,2021-10-27 02:15:09,64.5667,143.2,14.09,92,100,2.19
449,Seguin,US,2021-10-27 02:15:09,29.5688,-97.9647,80.51,84,20,5.99
450,Hofn,IS,2021-10-27 02:11:55,64.2539,-15.2082,42.76,79,100,10.09
451,Acapulco,MX,2021-10-27 02:15:10,16.8634,-99.8901,82.22,83,20,5.75
452,Lethem,GY,2021-10-27 02:15:10,3.3803,-59.7968,77.11,81,29,0.92
453,Santa Maria,BR,2021-10-27 02:15:10,-29.6842,-53.8069,66.52,69,0,2.93
454,Zheleznodorozhnyy,RU,2021-10-27 02:13:54,55.7503,38.0042,39.38,69,100,10.51
455,Japura,ID,2021-10-27 02:15:11,-0.3167,102.35,81.41,78,100,3.18
456,Copacele,RO,2021-10-27 02:15:11,45.5,22.1,32.56,58,2,2.89
457,Venado Tuerto,AR,2021-10-27 02:15:11,-33.7456,-61.9688,75.78,26,5,11.68
458,Mount Pleasant,US,2021-10-27 02:12:07,32.7941,-79.8626,63.99,81,1,4.0
459,Atar,MR,2021-10-27 02:15:12,20.5169,-13.0499,81.19,24,95,14.85
460,Salamiyah,SY,2021-10-27 02:15:12,35.0113,37.0532,60.73,47,13,1.1
461,Sandwick,GB,2021-10-27 02:15:13,60.0,-1.25,53.42,87,75,23.02
462,Moultonborough,US,2021-10-27 02:13:41,43.7548,-71.3967,51.48,95,100,11.99
463,Tombouctou,ML,2021-10-27 02:15:13,20.0,-3.0,83.52,21,64,6.85
464,Omaha,US,2021-10-27 02:13:17,41.2586,-95.9378,57.97,72,90,3.0
465,Wajima,JP,2021-10-27 02:15:13,37.4,136.9,65.08,72,75,9.22
466,Safaga,EG,2021-10-27 02:15:14,26.7292,33.9365,69.75,46,0,14.0
467,Tucuman,AR,2021-10-27 02:13:59,-26.8241,-65.2226,82.4,18,99,9.22
468,Durango,MX,2021-10-27 02:12:19,24.8333,-104.8333,60.15,61,1,8.34
469,Udachnyy,RU,2021-10-27 02:15:14,66.4167,112.4,-0.09,99,88,4.36
470,Marsa Matruh,EG,2021-10-27 02:15:15,31.3525,27.2453,66.4,82,0,5.75
471,Akyab,MM,2021-10-27 02:15:15,20.15,92.9,79.68,77,62,4.88
472,Hongjiang,CN,2021-10-27 02:15:15,27.11,109.9956,62.28,80,93,3.11
473,Eureka,US,2021-10-27 02:15:16,40.8021,-124.1637,57.67,93,100,4.0
474,Bardiyah,LY,2021-10-27 02:15:16,31.7561,25.0865,69.66,79,0,12.73
475,Salym,RU,2021-10-27 02:15:16,60.0625,71.4789,22.17,86,7,9.64
476,Porto Velho,BR,2021-10-27 02:15:17,-8.7619,-63.9039,78.85,83,0,3.44
477,Grindavik,IS,2021-10-27 02:11:52,63.8424,-22.4338,43.27,81,90,31.07
478,Allonnes,FR,2021-10-27 02:15:17,47.9674,0.1581,46.96,100,20,0.0
479,La Ronge,CA,2021-10-27 02:15:17,55.1001,-105.2842,43.02,93,90,10.36
480,Oktyabrskiy,RU,2021-10-27 02:15:18,54.4815,53.471,30.67,76,70,11.45
481,Husavik,IS,2021-10-27 02:15:18,66.0449,-17.3389,39.11,93,100,12.44
482,Beloha,MG,2021-10-27 02:15:18,-25.1667,45.05,70.72,90,80,9.89
483,Progreso,MX,2021-10-27 02:15:19,21.2833,-89.6667,85.1,80,68,10.65
484,Powassan,CA,2021-10-27 02:15:19,46.0334,-79.3496,46.18,91,100,8.5
485,Kuytun,RU,2021-10-27 02:15:19,54.3419,101.5036,39.06,65,58,1.45
486,Nianzishan,CN,2021-10-27 02:15:20,47.5167,122.8833,51.33,39,0,17.98
487,Miyako,JP,2021-10-27 02:14:43,39.6367,141.9525,61.2,66,100,4.63
488,The Valley,AI,2021-10-27 02:15:20,18.217,-63.0578,81.1,70,1,9.75
489,Nongstoin,IN,2021-10-27 02:15:20,25.5167,91.2667,65.12,68,0,1.3
490,Vilhena,BR,2021-10-27 02:15:21,-12.7406,-60.1458,69.49,79,52,3.51
491,Luancheng,CN,2021-10-27 02:15:21,37.8792,114.6517,60.96,36,94,1.7
492,Oistins,BB,2021-10-27 02:14:13,13.0667,-59.5333,80.69,74,40,23.02
493,Nelson Bay,AU,2021-10-27 02:15:21,-32.7167,152.15,83.28,66,6,4.0
494,Mitu,CO,2021-10-27 02:15:22,1.1983,-70.1733,73.06,98,100,0.78
495,Maralal,KE,2021-10-27 02:15:22,1.0968,36.698,58.23,84,35,6.42
496,Huarmey,PE,2021-10-27 02:15:23,-10.0681,-78.1522,63.97,84,78,8.68
497,Taltal,CL,2021-10-27 02:15:23,-25.4,-70.4833,59.81,80,18,2.51
498,Strezhevoy,RU,2021-10-27 02:15:23,60.7333,77.5889,21.18,85,96,16.2
499,Sawakin,SD,2021-10-27 02:15:24,19.1059,37.3321,82.87,79,24,2.73
500,Abnub,EG,2021-10-27 02:12:44,27.2696,31.1511,70.03,38,0,4.56
501,Gurupa,BR,2021-10-27 02:15:25,-1.405,-51.64,73.49,97,39,2.86
502,Acari,PE,2021-10-27 02:15:25,-15.4311,-74.6158,67.64,70,6,1.1
503,Balclutha,NZ,2021-10-27 02:15:25,-46.2339,169.75,63.3,62,59,6.51
504,Rudnogorsk,RU,2021-10-27 02:15:26,57.2639,103.7519,39.58,70,100,10.71
505,Lerwick,GB,2021-10-27 02:15:26,60.1545,-1.1494,53.6,91,52,20.74
506,Freeport,US,2021-10-27 02:15:26,40.6576,-73.5832,59.99,85,90,1.99
507,Sokolo,ML,2021-10-27 02:15:27,14.7328,-6.1219,87.93,32,52,5.14
508,Preili,LV,2021-10-27 02:15:27,56.2944,26.7246,44.91,95,100,10.38
509,Dunedin,NZ,2021-10-27 02:14:35,-45.8742,170.5036,57.54,83,80,4.52
510,Castro-Urdiales,ES,2021-10-27 02:15:27,43.3829,-3.2204,57.07,88,94,5.35
511,Westerly,US,2021-10-27 02:14:05,41.3776,-71.8273,57.88,90,90,16.11
512,Ishigaki,JP,2021-10-27 02:15:28,24.3448,124.1572,80.73,54,20,18.41
513,Buraydah,SA,2021-10-27 02:15:28,26.326,43.975,73.85,17,7,10.04
514,Padang,ID,2021-10-27 02:15:29,-0.9492,100.3543,82.45,81,100,1.7
515,Guarapari,BR,2021-10-27 02:11:47,-20.6667,-40.4975,75.09,95,100,5.68
516,Rock Sound,BS,2021-10-27 02:15:29,24.9,-76.2,82.78,75,0,10.47
517,Hailar,CN,2021-10-27 02:15:29,49.2,119.7,42.26,53,0,11.01
518,Sao Felix Do Xingu,BR,2021-10-27 02:15:30,-6.6447,-51.995,71.74,99,100,0.65
519,Mabaruma,GY,2021-10-27 02:15:30,8.2,-59.7833,73.65,99,100,3.22
520,Baillif,GP,2021-10-27 02:15:30,16.0202,-61.7463,76.5,71,7,9.78
521,Villeneuve-Sur-Lot,FR,2021-10-27 02:15:31,44.5,0.6667,49.48,96,8,3.27
522,Fomboni,KM,2021-10-27 02:15:31,-12.28,43.7425,78.6,75,1,3.58
523,Harlingen,US,2021-10-27 02:15:31,26.1906,-97.6961,84.34,89,75,14.97
524,Yarada,IN,2021-10-27 02:15:32,17.65,83.2667,80.92,69,51,4.61
525,Dinan,FR,2021-10-27 02:15:32,48.4167,-2.25,55.22,41,44,8.52
526,Labrea,BR,2021-10-27 02:15:32,-7.2586,-64.7981,74.1,87,34,0.76
527,Antipino,RU,2021-10-27 02:15:33,57.1068,65.7576,28.69,92,94,7.27
528,Solnechnyy,RU,2021-10-27 02:13:42,50.7214,136.6319,43.21,79,91,1.25
529,Kardla,EE,2021-10-27 02:15:33,58.9978,22.7492,47.05,88,34,13.89
530,Tongren,CN,2021-10-27 02:15:34,27.7172,109.1853,60.69,69,94,1.32
531,Busca,IT,2021-10-27 02:15:34,44.5181,7.4743,48.65,64,1,3.71
532,Hualmay,PE,2021-10-27 02:15:35,-11.0964,-77.6139,63.25,83,100,9.55
533,Chipurupalle,IN,2021-10-27 02:15:35,18.3,83.5667,74.08,75,2,6.44
534,Ordynskoye,RU,2021-10-27 02:15:35,54.3656,81.8994,28.13,70,96,7.78
535,Mackay,AU,2021-10-27 02:15:36,-21.15,149.2,91.69,67,0,9.42
536,Aranos,NA,2021-10-27 02:15:36,-24.1333,19.1167,74.03,12,100,9.62
