City_ID,City,Country,Lat,Lng,Max Temp,Humidity,Cloudiness,Wind Speed,Current Description
0,Chicama,PE,-7.8447,-79.1469,59.54,65,76,6.31,Clouds
1,Bredasdorp,ZA,-34.5322,20.0403,74.28,60,28,9.22,Clouds
2,Marrakesh,MA,31.6315,-8.0083,84.27,24,0,6.91,Clear
3,Busselton,AU,-33.65,115.3333,50.04,90,57,7.76,Clouds
4,Urengoy,RU,65.9667,78.3667,13.89,95,99,10.78,Clouds
5,Ponta Do Sol,PT,32.6667,-17.1,80.01,74,93,9.75,Clouds
6,Rikitea,PF,-23.1203,-134.9692,74.84,83,78,21.23,Clouds
7,Leningradskiy,RU,69.3833,178.4167,-7.26,97,100,5.97,Clouds
8,Yenagoa,NG,4.9247,6.2642,83.01,80,100,3.94,Rain
9,Khatanga,RU,71.9667,102.5,2.95,95,100,1.95,Clouds
10,Bethel,US,41.3712,-73.414,61.5,96,90,4.0,Rain
11,Vaini,TO,-21.2,-175.2,71.76,94,20,8.05,Clouds
12,Pisco,PE,-13.7,-76.2167,65.01,88,90,4.61,Mist
13,San Andres,CO,12.5847,-81.7006,86.02,74,90,6.91,Clouds
14,Bambous Virieux,MU,-20.3428,57.7575,75.45,73,40,5.75,Clouds
15,Biak,ID,-0.9131,122.8766,76.6,86,71,2.73,Clouds
16,Santa Ana,US,33.7456,-117.8678,67.77,89,90,3.44,Haze
17,Mar Del Plata,AR,-38.0023,-57.5575,78.82,65,0,9.22,Clear
18,Makakilo City,US,21.3469,-158.0858,71.29,85,1,0.0,Clear
19,Mataura,NZ,-46.1927,168.8643,51.33,56,14,6.29,Clouds
20,Kieta,PG,-6.2167,155.6333,79.11,82,90,4.74,Rain
21,Ushuaia,AR,-54.8,-68.3,49.62,49,0,21.85,Clear
22,Geraldton,AU,-28.7667,114.6,61.21,72,0,8.05,Clear
23,Shigony,RU,53.3875,48.6777,47.41,86,78,11.36,Clouds
24,Faya,SA,18.3851,42.4509,70.32,31,64,7.09,Clouds
25,Albany,US,42.6001,-73.9662,55.22,93,100,7.14,Clouds
26,Russell,US,32.3502,-85.1999,57.06,80,90,11.5,Clouds
27,Cape Town,ZA,-33.9258,18.4232,72.1,53,0,4.0,Clear
28,Avarua,CK,-21.2078,-159.775,71.65,73,20,9.22,Clouds
29,Kapaa,US,22.0752,-159.319,71.58,100,1,8.05,Clear
30,Longyearbyen,SJ,78.2186,15.6401,19.24,79,20,9.22,Clouds
31,Prince George,CA,53.9166,-122.753,22.28,94,1,4.61,Clear
32,Saskylakh,RU,71.9167,114.0833,5.43,93,100,10.8,Clouds
33,Poum,NC,-20.2333,164.0167,74.53,76,2,6.08,Clear
34,Lebu,CL,-37.6167,-73.65,54.81,68,84,20.58,Clouds
35,Tilichiki,RU,60.4667,166.1,8.13,96,55,7.43,Clouds
36,Tuktoyaktuk,CA,69.4541,-133.0374,23.0,93,90,9.22,Clouds
37,Souillac,MU,-20.5167,57.5167,75.58,73,40,5.75,Clouds
38,Byron Bay,AU,-28.65,153.6167,68.88,93,100,9.82,Clouds
39,Saint-Philippe,RE,-21.3585,55.7679,74.79,81,62,6.04,Clouds
40,Narsaq,GL,60.9167,-46.05,32.22,68,73,4.25,Clouds
41,Butaritari,KI,3.0707,172.7902,81.64,77,92,7.54,Rain
42,Dikson,RU,73.5069,80.5464,8.65,90,100,16.62,Clouds
43,Iisalmi,FI,63.5592,27.1907,46.42,92,100,7.49,Clouds
44,Santa Fe,AR,-31.6333,-60.7,94.75,42,6,7.0,Clear
45,Predejane,RS,42.8294,22.1311,58.71,56,0,2.26,Clear
46,Ponta Delgada,PT,37.7333,-25.6667,76.5,88,75,17.27,Clouds
47,Chokurdakh,RU,70.6333,147.9167,-8.19,96,100,6.69,Clouds
48,Nikolskoye,RU,59.7035,30.7861,46.87,90,70,6.51,Clouds
49,Srednekolymsk,RU,67.45,153.6833,-6.56,99,100,3.53,Clouds
50,Maniitsoq,GL,65.4167,-52.9,35.06,85,100,24.07,Clouds
51,Acapulco,MX,16.8634,-99.8901,80.92,75,2,1.39,Clear
52,Katherine,AU,-14.4667,132.2667,80.92,74,40,4.61,Clouds
53,Kawalu,ID,-7.3817,108.2082,73.44,98,100,0.54,Clouds
54,Santa Luzia,BR,-19.7697,-43.8514,86.14,52,75,9.22,Clouds
55,Hovd,MN,48.0056,91.6419,35.13,50,73,5.01,Clouds
56,Tiksi,RU,71.6872,128.8694,-3.28,98,100,7.05,Clouds
57,Alofi,NU,-19.0595,-169.9187,73.29,78,100,4.61,Clouds
58,Tezu,IN,27.9167,96.1667,67.17,58,0,4.32,Clear
59,Vila Do Maio,CV,15.1333,-23.2167,83.19,77,95,16.89,Clouds
60,Castro,BR,-24.7911,-50.0119,73.36,63,46,8.25,Clouds
61,Port Alfred,ZA,-33.5906,26.891,68.7,74,0,18.28,Clear
62,Hilo,US,19.7297,-155.09,80.28,68,20,6.91,Clouds
63,Tasiilaq,GL,65.6145,-37.6368,26.76,65,18,7.02,Clouds
64,Penzance,GB,50.1186,-5.5371,57.27,67,20,13.8,Clouds
65,Richards Bay,ZA,-28.783,32.0377,66.99,83,98,14.9,Rain
66,New Norfolk,AU,-42.7826,147.0587,50.72,60,79,5.01,Clouds
67,Saint George,US,37.1041,-113.5841,65.53,76,1,0.0,Clear
68,Georgetown,MY,5.4112,100.3354,78.73,93,40,4.61,Clouds
69,Fortuna,US,40.5982,-124.1573,58.35,76,90,0.0,Clouds
70,Hithadhoo,MV,-0.6,73.0833,83.48,75,53,15.99,Clouds
71,Mangrol,IN,21.1167,70.1167,79.92,54,75,3.87,Clouds
72,Punta Arenas,CL,-53.15,-70.9167,50.11,46,0,21.85,Clear
73,Tautira,PF,-17.7333,-149.15,75.22,77,26,15.5,Rain
74,Sitka,US,57.0531,-135.33,44.49,70,75,9.22,Clouds
75,Saldanha,ZA,-33.0117,17.9442,65.1,75,95,15.66,Clouds
76,Wonthaggi,AU,-38.6044,145.5913,48.2,77,21,8.01,Clouds
77,Hermanus,ZA,-34.4187,19.2345,74.8,70,31,12.44,Clouds
78,Kaitangata,NZ,-46.2817,169.8464,51.15,82,85,5.01,Clouds
79,Parole,US,38.9796,-76.5305,62.22,85,20,7.0,Clouds
80,Salalah,OM,17.0151,54.0924,82.49,69,20,6.91,Clouds
81,Tabou,CI,4.423,-7.3528,80.19,81,100,8.21,Rain
82,Atambua,ID,-9.1061,124.8925,77.97,78,100,1.36,Clouds
83,Jamestown,US,42.097,-79.2353,50.29,100,90,1.01,Clouds
84,Quatre Cocos,MU,-20.2078,57.7625,75.31,75,51,2.98,Clouds
85,Sept-Iles,CA,50.2001,-66.3821,50.43,67,20,1.99,Clouds
86,Barrow,US,71.2906,-156.7887,14.02,79,90,4.61,Clouds
87,Hambantota,LK,6.1241,81.1185,79.93,81,98,6.35,Clouds
88,Mahebourg,MU,-20.4081,57.7,75.49,73,40,5.75,Clouds
89,Qaanaaq,GL,77.484,-69.3632,1.98,54,0,8.68,Clear
90,Chuy,UY,-33.6971,-53.4616,72.73,69,98,14.38,Clouds
91,Hobart,AU,-42.8794,147.3294,51.06,69,40,4.0,Clouds
92,Kindu,CD,-2.95,25.95,79.52,87,100,1.61,Rain
93,La Macarena,CO,2.1837,-73.7849,81.64,71,81,3.51,Clouds
94,Bandarbeyla,SO,9.4942,50.8122,79.2,78,9,12.62,Rain
95,Yellowknife,CA,62.456,-114.3525,27.41,100,90,12.66,Clouds
96,Kodiak,US,57.79,-152.4072,47.71,87,90,24.16,Rain
97,Nagorsk,RU,59.3172,50.8078,40.51,99,100,6.55,Clouds
98,Santa Isabel,BR,-23.3156,-46.2214,78.66,68,96,7.2,Clouds
99,Guerrero Negro,MX,27.9769,-114.0611,66.13,80,0,4.5,Clear
100,Whitianga,NZ,-36.8333,175.7,62.02,97,100,12.35,Rain
101,Cap Malheureux,MU,-19.9842,57.6142,75.69,77,3,1.01,Clear
102,Zhigansk,RU,66.7697,123.3711,-4.88,99,81,11.48,Clouds
103,Esperance,AU,-33.8667,121.9,56.98,69,0,16.78,Clear
104,Cabo San Lucas,MX,22.8909,-109.9124,79.52,73,26,5.86,Clouds
105,Faanui,PF,-16.4833,-151.75,77.83,72,7,17.65,Rain
106,Coari,BR,-4.085,-63.1414,90.91,53,75,1.74,Clouds
107,Nizhniy Odes,RU,63.6445,54.856,24.69,90,100,1.88,Clouds
108,Atuona,PF,-9.8,-139.0333,77.36,69,18,15.93,Clouds
109,Matara,LK,5.9485,80.5353,77.74,91,99,5.93,Clouds
110,Yabrud,SY,33.9674,36.6574,65.86,47,84,1.7,Clouds
111,Codrington,AU,-38.2667,141.9667,43.07,91,0,6.96,Clear
112,Chernyshevskiy,RU,63.0128,112.4714,24.44,96,100,7.14,Snow
113,Port Lincoln,AU,-34.7333,135.8667,52.27,69,5,8.1,Clear
114,Ilulissat,GL,69.2167,-51.1,33.82,60,75,9.22,Snow
115,Lavrentiya,RU,65.5833,-171.0,9.95,78,51,5.73,Clouds
116,Manthani,IN,18.65,79.6667,76.8,76,36,5.21,Clouds
117,Bindi,SL,9.9167,-11.45,71.73,97,100,1.92,Clouds
118,Sao Jose Da Coroa Grande,BR,-8.8978,-35.1478,82.58,57,9,8.59,Clear
119,Bluff,NZ,-46.6,168.3333,53.87,60,12,18.1,Clouds
120,Abha,SA,18.2164,42.5053,70.05,20,0,11.5,Clear
121,Mount Isa,AU,-20.7333,139.5,80.37,18,100,10.36,Clouds
122,Kattivakkam,IN,13.2167,80.3167,82.15,79,82,9.44,Clouds
123,Arraial Do Cabo,BR,-22.9661,-42.0278,75.06,73,90,10.36,Clouds
124,Sao Joao Da Barra,BR,-21.6403,-41.0511,77.09,84,100,12.5,Clouds
125,Upernavik,GL,72.7868,-56.1549,23.52,57,100,6.85,Clouds
126,Dubbo,AU,-32.25,148.6167,41.13,65,0,8.05,Clear
127,Sabang,ID,5.8933,95.3214,81.7,75,100,4.83,Clouds
128,Sistranda,NO,63.7256,8.834,52.9,82,88,7.43,Clouds
129,Sao Miguel Do Araguaia,BR,-13.275,-50.1628,95.85,32,12,9.31,Clouds
130,Badian,PH,9.8647,123.3964,80.01,84,99,10.96,Clouds
131,Choya,RU,52.0108,86.5467,37.15,97,100,2.98,Rain
132,Santa Cruz De La Palma,ES,28.6835,-17.7642,75.34,60,20,4.61,Ash
133,Kavaratti,IN,10.5669,72.642,82.36,69,100,2.3,Clouds
134,Dong Hoi,VN,17.4833,106.6,76.37,90,99,7.54,Clouds
135,Clyde River,CA,70.4692,-68.5914,32.23,100,90,14.97,Snow
136,Pindiga,NG,9.9833,10.9333,93.34,18,80,4.38,Clouds
137,Talnakh,RU,69.4865,88.3972,18.16,96,100,4.34,Snow
138,Ilave,PE,-16.0833,-69.6667,58.33,39,75,8.08,Clouds
139,Kavieng,PG,-2.5744,150.7967,83.39,75,75,12.35,Clouds
140,Okha,RU,53.5739,142.9478,30.16,61,88,16.44,Clouds
141,Luderitz,NA,-26.6481,15.1594,70.66,57,0,13.11,Clear
142,Lorengau,PG,-2.0226,147.2712,82.4,78,100,6.26,Clouds
143,Puerto Ayora,EC,-0.7393,-90.3518,75.16,82,85,8.72,Clouds
144,Mahuva,IN,21.0914,71.7622,79.52,42,70,10.6,Clouds
145,Beringovskiy,RU,63.05,179.3167,10.38,95,100,18.7,Clouds
146,Barlinek,PL,52.9946,15.2186,55.9,50,63,10.56,Clouds
147,Vardo,NO,70.3705,31.1107,37.51,76,46,15.21,Clouds
148,Ancud,CL,-41.8697,-73.8203,54.93,45,1,6.11,Clear
149,Bac Lieu,VN,9.285,105.7244,80.15,85,91,11.79,Clouds
150,East London,ZA,-33.0153,27.9116,67.14,77,20,16.11,Clouds
151,Bintulu,MY,3.1667,113.0333,77.41,94,40,3.44,Clouds
152,Aswan,EG,24.0934,32.907,95.38,20,84,5.12,Clouds
153,Ahuimanu,US,21.4447,-157.8378,72.46,82,1,0.0,Clear
154,Port Macquarie,AU,-31.4333,152.9167,58.89,94,75,12.66,Rain
155,Caravelas,BR,-17.7125,-39.2481,83.34,55,60,8.95,Clouds
156,Ahipara,NZ,-35.1667,173.1667,62.47,96,100,17.6,Rain
157,Cabedelo,BR,-6.9811,-34.8339,88.47,62,33,13.62,Clouds
158,Nuuk,GL,64.1835,-51.7216,41.61,65,75,19.57,Clouds
159,Victoria,HK,22.2855,114.1577,75.25,84,58,1.01,Rain
160,Sukhumi,GE,43.0033,41.0153,56.48,78,50,3.85,Clouds
161,Provideniya,RU,64.3833,-173.3,13.78,84,98,11.54,Clouds
162,Araouane,ML,18.9048,-3.5265,97.88,15,100,10.51,Clouds
163,Aberdeen,GB,57.1437,-2.0981,52.48,96,20,2.3,Clouds
164,Port Elizabeth,ZA,-33.918,25.5701,69.1,72,0,16.11,Clear
165,Polunochnoye,RU,60.8697,60.4153,21.47,98,93,3.71,Clouds
166,Impfondo,CG,1.6381,18.0667,84.43,62,82,1.86,Clouds
167,Mamlyutka,KZ,54.9375,68.5394,29.68,90,100,14.72,Snow
168,Osterburg,DE,52.7833,11.7667,56.5,56,98,8.52,Clouds
169,Carnarvon,AU,-24.8667,113.6333,69.87,60,0,19.57,Clear
170,Maceio,BR,-9.6658,-35.7353,87.24,54,75,5.75,Clouds
171,Haines Junction,CA,60.7522,-137.5108,33.75,64,100,8.05,Clouds
172,Nome,US,64.5011,-165.4064,6.87,85,1,0.0,Clear
173,Banda Aceh,ID,5.5577,95.3222,79.0,81,100,4.52,Clouds
174,Vao,NC,-22.6667,167.4833,70.54,75,21,8.5,Clouds
175,Shache,CN,38.4167,77.2406,53.8,26,1,5.46,Clear
176,Estacion Coahuila,MX,32.1939,-115.0017,68.97,43,0,7.45,Clear
177,Iqaluit,CA,63.7506,-68.5145,40.73,65,90,17.0,Rain
178,Kidal,ML,18.4411,1.4078,99.54,8,59,8.81,Clouds
179,Rokytne,UA,51.2796,27.214,53.02,54,4,9.62,Clear
180,Dehloran,IR,32.6941,47.2679,81.95,30,98,9.28,Clouds
181,Noumea,NC,-22.2763,166.4572,64.38,84,6,6.8,Clear
182,Dondo,MZ,-19.6094,34.7431,78.31,52,0,11.9,Clear
183,Coruripe,BR,-10.1256,-36.1756,83.84,55,28,10.69,Clouds
184,Campbell River,CA,50.0163,-125.2446,36.27,94,20,2.3,Clouds
185,Kharan,PK,28.5833,65.4167,74.03,15,0,9.48,Clear
186,Gorontalo,ID,0.5412,123.0595,75.87,95,97,3.33,Clouds
187,La Union,PE,-5.4,-80.75,76.26,53,52,6.29,Clouds
188,Okhotsk,RU,59.3833,143.3,13.21,70,2,18.84,Clear
189,Ocampo,MX,21.65,-101.5,58.37,54,2,1.45,Clear
190,Lompoc,US,34.6391,-120.4579,55.31,99,90,0.0,Mist
191,Los Llanos De Aridane,ES,28.6585,-17.9182,71.35,85,20,4.61,Ash
192,Terra Santa,BR,-2.1042,-56.4869,97.29,37,5,4.9,Clear
193,Najran,SA,17.4924,44.1277,77.65,27,0,10.76,Clear
194,Itarema,BR,-2.9248,-39.9167,85.19,59,49,14.58,Clouds
195,Pangnirtung,CA,66.1451,-65.7125,32.0,100,90,2.3,Snow
196,Rocha,UY,-34.4833,-54.3333,72.93,70,100,11.25,Clouds
197,Necochea,AR,-38.5473,-58.7368,61.03,61,57,15.95,Clouds
198,Cervo,ES,43.6702,-7.4101,66.2,70,100,8.63,Clouds
199,Lagoa,PT,39.05,-27.9833,70.03,90,100,26.66,Clouds
200,Tsogni,GA,-2.7942,10.0988,79.05,83,100,11.05,Rain
201,Suntar,RU,62.1444,117.6319,23.11,80,100,8.41,Clouds
202,Maragogi,BR,-9.0122,-35.2225,82.56,57,11,9.35,Clouds
203,Sola,VU,-13.8833,167.55,81.27,74,40,0.0,Clouds
204,Mitu,CO,1.1983,-70.1733,80.53,78,95,2.35,Clouds
205,Katobu,ID,-4.9408,122.5276,74.97,96,98,2.24,Clouds
206,Wilkie,CA,52.4168,-108.7014,25.18,82,0,11.39,Clear
207,Pavino,RU,59.1139,46.1414,43.21,89,100,5.95,Clouds
208,Barcelos,PT,41.5388,-8.6151,66.85,79,88,8.12,Clouds
209,College,US,64.8569,-147.8028,26.65,87,90,0.0,Clouds
210,At-Bashi,KG,41.1702,75.8106,28.02,55,4,4.29,Clear
211,Senanga,ZM,-16.1167,23.2667,86.88,34,47,14.0,Clouds
212,Severo-Kurilsk,RU,50.6789,156.125,39.58,83,10,15.88,Clear
213,Mweka,CD,-4.85,21.5667,80.96,64,93,2.84,Rain
214,Kruisfontein,ZA,-34.0033,24.7314,66.88,67,3,13.96,Clear
215,Cidreira,BR,-30.1811,-50.2056,71.49,75,83,20.76,Clouds
216,Thinadhoo,MV,0.5333,72.9333,84.04,73,76,13.71,Clouds
217,Margate,GB,51.3813,1.3862,58.03,72,91,1.99,Clouds
218,Fomboni,KM,-12.28,43.7425,78.69,66,1,2.73,Clear
219,Hoi An,VN,15.8794,108.335,76.96,89,24,1.88,Clouds
220,Norman Wells,CA,65.282,-126.8329,19.44,93,90,2.3,Snow
221,Varhaug,NO,58.6147,5.6457,55.89,85,100,25.05,Rain
222,Vrnjacka Banja,RS,43.6167,20.9,60.03,62,0,5.82,Clear
223,Grand Gaube,MU,-20.0064,57.6608,75.6,77,4,1.01,Clear
224,Fort Wellington,GY,6.4,-57.6,81.86,79,24,6.2,Clouds
225,Touros,BR,-5.1989,-35.4608,90.5,58,55,15.41,Clouds
226,Liku,ID,-0.7275,119.8922,74.59,94,91,2.59,Rain
227,Broome,US,42.2506,-75.833,53.71,82,90,1.01,Clouds
228,Pyay,MM,18.8167,95.2167,75.88,95,100,4.7,Clouds
229,Vanavara,RU,60.34,102.2797,34.36,87,100,13.18,Clouds
230,Poronaysk,RU,49.2167,143.1167,38.35,85,100,7.38,Rain
231,Ekibastuz,KZ,51.6667,75.3667,39.33,64,100,12.06,Clouds
232,Brejo Da Madre De Deus,BR,-8.1458,-36.3711,88.9,29,3,7.92,Clear
233,Rio Gallegos,AR,-51.6226,-69.2181,57.25,28,0,10.36,Clear
234,Camana,PE,-16.6228,-72.7111,68.58,73,81,6.67,Clouds
235,Klaksvik,FO,62.2266,-6.589,49.12,87,100,18.3,Clouds
236,Castle Rock,US,39.3722,-104.8561,59.25,26,2,1.99,Clear
237,Yumen,CN,40.2833,97.2,42.21,36,5,6.89,Clear
238,Mount Gambier,AU,-37.8333,140.7667,42.51,95,5,4.09,Clear
239,Kedainiai,LT,55.2883,23.9747,54.14,70,4,9.95,Clear
240,Ribeira Grande,PT,38.5167,-28.7,72.0,83,75,25.32,Clouds
241,Haapiti,PF,-17.5667,-149.8667,74.93,74,13,18.48,Clouds
242,Lerwick,GB,60.1545,-1.1494,51.8,84,100,25.5,Clouds
243,Nova Olimpia,BR,-14.7972,-57.2881,98.02,36,85,2.48,Clouds
244,Bilibino,RU,68.0546,166.4372,-8.93,98,100,1.34,Clouds
245,Sao Filipe,CV,14.8961,-24.4956,80.38,73,95,11.48,Clouds
246,Igarka,RU,67.4667,86.5833,8.44,97,94,7.7,Clouds
247,Talara,PE,-4.5772,-81.2719,75.96,64,0,12.66,Clear
248,Broken Hill,AU,-31.95,141.4333,55.27,29,79,7.78,Clouds
249,San Quintin,MX,30.4833,-115.95,64.36,85,0,3.98,Clear
250,Kahului,US,20.8947,-156.47,71.83,82,1,6.91,Clear
251,Gurupa,BR,-1.405,-51.64,91.11,49,79,2.01,Clouds
252,Menongue,AO,-14.6585,17.691,70.36,72,90,4.45,Rain
253,Gafanha Da Encarnacao,PT,40.6181,-8.733,68.05,85,95,9.31,Rain
254,Sangar,RU,63.9242,127.4739,-14.66,100,99,2.77,Clouds
255,Fort Nelson,CA,58.8053,-122.7002,20.79,68,1,5.75,Clear
256,Saravan,AM,39.7196,45.6483,39.85,91,100,3.06,Clouds
257,Redmond,US,47.674,-122.1215,45.86,90,1,1.99,Clear
258,Ciudad Del Maiz,MX,22.4,-99.6,63.48,62,0,1.77,Clear
259,Jining,CN,35.405,116.5814,61.21,55,8,2.53,Rain
260,Yulara,AU,-25.2406,130.9889,58.84,88,75,8.05,Clouds
261,Vila Velha,BR,-20.3297,-40.2925,76.95,78,75,9.22,Clouds
262,Montmagny,FR,48.9734,2.3469,58.71,93,90,3.44,Clouds
263,Nidzica,PL,53.3605,20.4275,54.99,50,0,10.45,Clear
264,Adrar,MR,20.5022,-10.0711,89.42,12,100,9.8,Clouds
265,Nemuro,JP,43.3236,145.575,47.86,74,9,10.58,Clear
266,Damietta,EG,31.4165,31.8133,75.07,66,8,12.28,Clear
267,Sioux Lookout,CA,50.1001,-91.917,46.47,76,75,12.66,Clouds
268,Sorong,ID,-0.8833,131.25,79.83,82,89,4.29,Rain
269,Gushi,CN,34.6425,109.5843,61.36,56,98,0.29,Clouds
270,Cap-Aux-Meules,CA,47.3821,-61.8597,53.65,76,20,8.05,Clouds
271,Krasnoselkup,RU,65.7,82.4667,1.45,100,86,4.29,Clouds
272,Korla,CN,41.7597,86.1469,54.48,28,100,2.75,Clouds
273,Hun,LY,29.1268,15.9477,79.92,23,31,14.2,Clouds
274,Tripoli,LY,32.8752,13.1875,73.33,60,100,10.96,Clouds
275,Borovoy,RU,55.4333,86.0833,20.48,73,0,8.95,Clear
276,Ladwa,IN,29.9944,77.0444,69.76,34,0,8.34,Clear
277,Hibbing,US,47.4272,-92.9377,42.44,100,90,5.75,Fog
278,Nanortalik,GL,60.1432,-45.2371,35.11,72,60,4.68,Clouds
279,Hartselle,US,34.4434,-86.9353,55.65,100,99,10.2,Clouds
280,Thompson,CA,55.7435,-97.8558,32.16,93,75,5.75,Snow
281,Arlit,NE,18.7369,7.3853,99.19,8,22,6.13,Clouds
282,Rawson,AR,-43.3002,-65.1023,56.57,35,1,29.19,Clear
283,Brae,GB,60.3964,-1.353,51.71,84,100,24.25,Clouds
284,Seymchan,RU,62.8833,152.4333,6.26,87,100,7.47,Clouds
285,Lengshuitan,CN,26.4111,111.5956,64.6,79,100,3.36,Clouds
286,Marzuq,YE,14.4,46.4667,78.42,42,99,6.4,Clouds
287,Susner,IN,23.95,76.0833,69.13,44,3,4.99,Clear
288,Whitehorse,CA,60.7161,-135.0538,31.01,69,75,14.97,Clouds
289,Madisonville,US,37.3281,-87.4989,54.03,99,100,5.99,Clouds
290,Severo-Yeniseyskiy,RU,60.3725,93.0408,16.81,85,100,13.15,Clouds
291,Ayan,RU,56.45,138.1667,24.31,50,2,13.6,Clear
292,Batobato,PH,6.8252,126.0846,78.78,83,100,4.18,Clouds
293,Kendari,ID,-3.945,122.4989,75.27,93,52,1.95,Clouds
294,Swan River,CA,52.1058,-101.2676,33.69,80,21,12.66,Clouds
295,Archidona,ES,37.0965,-4.3887,71.42,68,100,11.79,Clouds
296,Lysa Hora,UA,48.1706,31.1099,51.76,56,0,7.14,Clear
297,Flin Flon,CA,54.7682,-101.865,33.64,80,75,5.75,Clouds
298,Alyangula,AU,-13.8483,136.4192,76.87,94,100,0.0,Clouds
299,Staryy Nadym,RU,65.6118,72.6842,11.55,91,100,18.12,Clouds
300,Cherskiy,RU,68.75,161.3,-5.04,99,100,4.29,Snow
301,Calbuco,CL,-41.768,-73.1273,56.41,66,1,16.53,Clear
302,Birin,NP,26.8865,88.0718,53.78,88,32,2.28,Clouds
303,Teluknaga,ID,-6.0989,106.6381,79.18,83,40,10.0,Haze
304,Beshpagir,RU,45.0217,42.3808,47.12,64,34,11.12,Clouds
305,Lexington,US,37.9887,-84.4777,54.99,90,90,1.01,Clouds
306,Surt,LY,31.2089,16.5887,75.87,46,0,9.26,Clear
307,Loa Janan,ID,-0.583,117.095,73.56,99,99,2.13,Clouds
308,Constitucion,CL,-35.3333,-72.4167,64.71,58,100,12.21,Clouds
309,Torbay,CA,47.6666,-52.7314,51.76,53,20,11.5,Clouds
310,Yuzhno-Kurilsk,RU,44.0306,145.8556,45.16,82,31,8.63,Clouds
311,Havelock,US,34.8791,-76.9013,63.99,71,1,3.0,Clear
312,Tokuyama,JP,34.05,131.8167,62.91,92,100,4.88,Clouds
313,Hofn,IS,64.2539,-15.2082,43.48,88,100,5.57,Rain
314,Catamarca,AR,-28.4696,-65.7852,95.58,41,2,1.99,Clear
315,Gamba,GA,-2.65,10.0,79.2,84,100,11.3,Rain
316,Viedma,AR,-40.8135,-62.9967,59.45,49,95,29.37,Clouds
317,Ratnagiri,IN,16.9833,73.3,80.04,72,9,8.86,Clear
318,Shieli,KZ,44.1667,66.75,47.46,40,100,7.76,Clouds
319,Starup,DK,55.241,9.535,55.83,87,0,8.05,Rain
320,Sibolga,ID,1.7427,98.7792,77.59,89,100,2.26,Rain
321,Longonjo,AO,-12.9067,15.2533,82.36,42,100,1.88,Rain
322,Port Hardy,CA,50.6996,-127.4199,41.0,100,20,4.61,Clouds
323,Jaque,PA,7.5175,-78.1703,76.48,91,100,4.21,Rain
324,Pevek,RU,69.7008,170.3133,1.02,94,100,6.22,Clouds
325,Pemangkat,ID,1.1667,108.9667,80.87,81,82,2.19,Clouds
326,Olinda,BR,-8.0089,-34.8553,83.93,61,40,10.36,Clouds
327,Tongchuan,CN,35.0806,109.0897,56.61,58,84,3.98,Clouds
328,Cabo Rojo,PR,18.0866,-67.1457,88.97,66,0,5.99,Clear
329,Mosquera,CO,4.7059,-74.2302,64.49,63,40,2.3,Clouds
330,Tuatapere,NZ,-46.1333,167.6833,48.58,82,76,7.63,Clouds
331,Ambanja,MG,-13.6833,48.45,80.53,72,0,3.58,Clear
332,Choszczno,PL,53.169,15.4205,55.99,49,51,12.17,Clouds
333,Coahuayana,MX,18.7333,-103.6833,81.32,74,0,1.95,Clear
334,Jackson,US,42.4165,-122.8345,54.64,94,75,6.91,Clouds
335,Valparaiso,CL,-33.0393,-71.6273,64.63,74,40,6.91,Haze
336,Chervona Sloboda,UA,49.3789,32.1464,51.21,63,2,7.76,Clear
337,Luan,CH,46.3592,6.9759,50.04,78,100,4.0,Rain
338,Bonthe,SL,7.5264,-12.505,76.71,84,100,3.31,Clouds
339,High Level,CA,58.5169,-117.136,19.51,100,20,2.3,Clouds
340,Pacific Grove,US,36.6177,-121.9166,59.02,94,90,1.01,Mist
341,Meulaboh,ID,4.1363,96.1285,77.59,84,92,2.1,Clouds
342,San Patricio,US,28.017,-97.5169,70.52,24,0,4.94,Clear
343,Santa Cruz,BO,-17.8,-63.1667,89.65,58,75,11.5,Clouds
344,Sohbatpur,PK,28.5202,68.5434,78.26,14,0,3.18,Clear
345,Balkanabat,TM,39.5108,54.3671,59.76,47,93,4.05,Clouds
346,Avera,US,33.194,-82.5271,62.71,64,63,13.04,Clouds
347,Sainte-Suzanne,RE,-20.9061,55.6089,75.42,81,0,13.8,Clear
348,Pathanamthitta,IN,9.2667,76.7833,75.07,98,100,2.19,Rain
349,Chai Nat,TH,15.1167,100.1,76.59,91,92,3.24,Rain
350,Gondanglegi,ID,-7.7479,112.0132,77.49,90,100,7.18,Clouds
351,Kontagora,NG,10.3999,5.4695,93.6,23,54,3.62,Clouds
352,Kabalo,CD,-6.05,26.9167,86.45,52,76,7.49,Clouds
353,Kutum,SD,14.2,24.6667,87.48,11,11,6.71,Clouds
354,Buraydah,SA,26.326,43.975,86.45,18,0,8.72,Clear
355,Pasighat,IN,28.0667,95.3333,67.68,71,3,4.09,Clear
356,Yining,CN,29.0361,114.5636,60.98,78,21,1.99,Clouds
357,Shingu,JP,33.7333,135.9833,61.21,86,100,4.94,Clouds
358,Baragua,CU,21.6967,-78.6328,80.04,82,100,8.79,Clouds
359,Honiara,SB,-9.4333,159.95,78.22,87,47,6.58,Clouds
360,Nambucca Heads,AU,-30.65,153.0,64.17,92,95,11.43,Clouds
361,Caimito,CO,8.8123,-75.4107,80.76,79,96,3.33,Clouds
362,Carora,VE,10.1755,-70.0827,84.58,57,80,4.0,Clouds
363,Havoysund,NO,70.9963,24.6622,38.28,69,70,3.15,Clouds
364,Coihaique,CL,-45.5752,-72.0662,52.41,50,20,4.61,Clouds
365,Marihatag,PH,8.7936,126.2969,77.74,89,100,5.37,Clouds
366,Vestmannaeyjar,IS,63.4427,-20.2734,45.59,87,0,5.75,Clear
367,Bonavista,CA,48.6499,-53.1147,51.12,69,20,9.95,Clouds
368,Coquimbo,CL,-29.9533,-71.3436,56.93,88,90,11.5,Clouds
369,Teguldet,RU,57.3064,88.1667,25.63,59,68,10.02,Clouds
370,Tabuk,PH,17.4189,121.4443,71.91,89,49,4.5,Clouds
371,Conde,BR,-7.2597,-34.9075,87.26,45,20,14.97,Clouds
372,Imbituba,BR,-28.24,-48.6703,69.69,95,100,11.72,Rain
373,Gogrial,SS,8.5332,28.1004,85.42,47,97,0.43,Clouds
374,Sinnamary,GF,5.3833,-52.95,81.3,80,87,7.87,Clouds
375,San Ignacio,BZ,17.1561,-89.0714,73.54,88,0,4.61,Clear
376,Ewa Beach,US,21.3156,-158.0072,72.7,84,1,0.0,Clear
377,Gat,IL,31.61,34.7642,78.4,61,64,7.47,Clouds
378,Eugene,US,44.0521,-123.0867,45.27,94,75,1.99,Clouds
379,Shatki,RU,55.1887,44.1249,48.99,91,10,10.42,Clear
380,Merauke,ID,-8.4667,140.3333,80.08,82,57,10.85,Clouds
381,Awjilah,LY,29.1081,21.2869,80.28,27,8,10.78,Clear
382,Saint-Augustin,CA,51.226,-58.6502,49.51,32,8,3.85,Clear
383,Aykhal,RU,66.0,111.5,11.21,99,100,6.62,Clouds
384,Juba,SS,4.8517,31.5825,76.51,72,100,10.47,Rain
385,Duldurga,RU,50.6761,113.5931,24.53,40,3,3.13,Clear
386,Cockburn Town,TC,21.4612,-71.1419,84.16,65,40,11.5,Clouds
387,Metro,ID,-5.1131,105.3067,77.76,87,78,3.94,Clouds
388,Wilmington,US,34.2257,-77.9447,64.94,64,1,9.22,Clear
389,Varkkallai,IN,8.7341,76.7067,78.58,90,100,5.39,Clouds
390,Nosy Varika,MG,-20.5833,48.5333,72.37,80,58,5.66,Clouds
391,Todos Santos,MX,23.45,-110.2167,79.02,68,4,3.8,Clear
392,Airai,TL,-8.9266,125.4092,63.68,90,99,1.01,Clouds
393,Kurchum,KZ,48.5722,83.6542,46.47,56,100,4.03,Clouds
394,Axim,GH,4.8699,-2.2405,82.51,74,79,9.13,Clouds
395,Port Hedland,AU,-20.3167,118.5667,71.65,88,0,6.91,Clear
396,Urumqi,CN,43.801,87.6005,47.35,53,0,2.24,Clear
397,Bubaque,GW,11.2833,-15.8333,74.7,90,100,2.57,Rain
398,Yar-Sale,RU,66.8333,70.8333,10.96,89,100,18.21,Clouds
399,Tazovskiy,RU,67.4667,78.7,16.11,95,100,12.17,Snow
400,Zempoala,MX,19.45,-96.4167,79.92,57,17,2.33,Clouds
401,Bikin,RU,46.8161,134.26,40.62,74,100,0.92,Clouds
402,Luanda,AO,-8.8368,13.2343,80.6,74,75,11.5,Rain
403,Gigmoto,PH,13.7796,124.39,81.45,70,90,13.56,Clouds
404,Wonopringgo,ID,-6.9833,109.6167,78.94,87,100,3.09,Clouds
405,Kloulklubed,PW,7.0419,134.2556,79.3,79,100,13.2,Rain
406,San Joaquin,US,37.9333,-121.3011,60.13,95,1,0.0,Clear
407,Tenenkou,ML,14.4572,-4.9169,97.66,19,100,4.54,Clouds
408,Nador,MA,35.174,-2.9287,80.67,43,0,11.5,Clear
409,Taltal,CL,-25.4,-70.4833,67.08,62,16,4.63,Clouds
410,Belmonte,BR,-15.8631,-38.8828,82.4,74,82,6.87,Clouds
411,Hasaki,JP,35.7333,140.8333,55.8,57,51,8.1,Clouds
412,Pilar,BR,-9.5972,-35.9567,85.93,47,58,8.99,Clouds
413,Ostrovnoy,RU,68.0531,39.5131,30.27,83,95,8.99,Clouds
414,Utkivka,UA,49.7858,36.0753,48.81,61,1,4.79,Clear
415,Yerbogachen,RU,61.2767,108.0108,32.7,79,100,10.87,Clouds
416,Atherton,GB,53.5237,-2.4935,55.54,72,5,4.0,Clear
417,Chifeng,CN,42.2683,118.9636,40.06,81,100,14.83,Clouds
418,Sao Miguel Do Tapuio,BR,-5.5036,-41.3233,91.0,35,88,1.92,Clouds
419,Luwingu,ZM,-10.2621,29.9271,91.47,16,37,10.13,Clouds
420,Praia,CV,14.9215,-23.5087,82.94,69,40,19.57,Clouds
421,Abonnema,NG,4.7084,6.7931,85.62,68,100,6.02,Rain
422,Kokstad,ZA,-30.5472,29.4241,60.73,48,26,7.52,Clouds
423,Elizabeth City,US,36.2946,-76.2511,68.05,67,1,5.99,Clear
424,Dingle,PH,10.9995,122.6711,75.74,92,99,7.47,Clouds
425,Timmins,CA,48.4669,-81.3331,42.62,75,20,4.61,Clouds
426,Tual,ID,-5.6667,132.75,83.05,75,91,6.13,Clouds
427,Nakhon Phanom,TH,17.3333,104.4167,73.11,85,28,6.8,Clouds
428,Jacareacanga,BR,-6.2222,-57.7528,98.17,36,26,2.86,Clouds
429,Hamilton,US,39.1834,-84.5333,55.58,96,90,6.91,Mist
430,Namatanai,PG,-3.6667,152.4333,79.29,82,68,7.92,Rain
431,Dudinka,RU,69.4058,86.1778,16.41,95,100,8.79,Snow
432,Kupang,ID,-10.1667,123.5833,81.01,79,100,6.13,Clouds
433,Ola,RU,59.5833,151.2833,20.7,62,72,11.77,Clouds
434,Uulu,EE,58.2789,24.5774,47.95,75,92,14.63,Clouds
435,Ninh Binh,VN,20.2539,105.975,66.56,92,100,6.82,Clouds
436,Umea,SE,63.8284,20.2597,44.53,100,90,10.36,Fog
437,Tamandare,BR,-8.7597,-35.1047,83.1,56,7,8.32,Clear
438,Zaraza,VE,9.3503,-65.3245,86.67,58,94,5.12,Clouds
439,Chute-Aux-Outardes,CA,49.1168,-68.399,51.4,71,1,9.22,Clear
440,Ixtapa,MX,20.7,-105.2,81.23,85,6,1.01,Clear
441,Tobermory,CA,45.2501,-81.6665,48.31,80,100,17.6,Clouds
442,Vostok,RU,46.4856,135.8833,35.71,69,100,1.95,Clouds
443,Hecun,CN,36.5333,114.1111,60.33,52,95,2.39,Clouds
444,Tynda,RU,55.1667,124.7167,18.73,56,11,2.28,Clouds
445,Boa Vista,BR,2.8197,-60.6733,89.58,55,40,8.05,Clouds
446,Le Mars,US,42.7942,-96.1656,47.86,87,1,4.61,Clear
447,Beaumont,US,30.0861,-94.1019,60.96,57,1,4.61,Clear
448,Morgantown,US,39.6295,-79.9559,55.2,92,90,3.44,Clouds
449,Terney,RU,45.0503,136.6092,46.11,57,98,7.78,Clouds
450,Tucupita,VE,9.0622,-62.051,87.22,59,43,4.32,Clouds
451,Jieshi,CN,22.8134,115.8257,71.94,79,54,11.45,Clouds
452,Tessalit,ML,20.1986,1.0114,98.76,9,33,1.97,Clouds
453,Sabha,LY,27.0377,14.4283,80.51,20,12,7.67,Clouds
454,Ulladulla,AU,-35.35,150.4667,50.9,69,80,4.65,Clouds
455,Koslan,RU,63.4564,48.8989,33.93,94,100,6.4,Clouds
456,Inhambane,MZ,-23.865,35.3833,75.18,64,40,16.11,Clouds
457,Lensk,RU,60.7253,114.9278,28.35,85,100,5.21,Clouds
458,Port Moresby,PG,-9.4431,147.1797,76.42,94,75,2.3,Clouds
459,Lata,PT,40.1629,-8.3327,68.36,72,99,5.39,Rain
460,Husavik,IS,66.0449,-17.3389,39.11,97,100,9.06,Clouds
461,Nizhniy Kuranakh,RU,58.8353,125.4869,10.67,88,20,4.27,Clouds
462,Eirunepe,BR,-6.6603,-69.8736,93.63,45,22,2.84,Clouds
463,Tahoua,NE,14.8888,5.2692,100.38,10,0,11.5,Clear
464,Kalabo,ZM,-14.97,22.6814,87.4,34,41,1.79,Clouds
465,Vangaindrano,MG,-23.35,47.6,70.79,75,57,6.64,Clouds
466,Tura,IN,25.5198,90.2201,66.06,62,0,2.48,Clear
467,La Seyne-Sur-Mer,FR,43.0982,5.8847,58.96,93,100,4.0,Clouds
468,Isangel,VU,-19.55,169.2667,75.31,78,3,2.3,Clear
469,Calama,CL,-22.4667,-68.9333,72.09,10,0,14.97,Clear
470,Sindor,RU,62.8629,51.8905,32.31,98,100,2.73,Clouds
471,Vallenar,CL,-28.5708,-70.7581,78.93,32,0,7.81,Clear
472,Ust-Nera,RU,64.5667,143.2,-7.04,96,99,1.66,Clouds
473,Chichi,NG,7.2721,8.9332,90.23,50,85,4.09,Clouds
474,El Chimbo,HN,14.1333,-87.1167,68.88,88,40,14.97,Clouds
475,Mitsamiouli,KM,-11.3847,43.2844,80.89,78,40,9.22,Clouds
476,Piacabucu,BR,-10.4056,-36.4344,83.64,58,37,10.13,Clouds
477,Vrangel,RU,42.7297,133.0839,53.78,85,100,3.11,Clouds
478,Riyadh,SA,24.6877,46.7219,84.34,29,73,9.98,Clouds
479,Borba,BR,-4.3878,-59.5939,96.49,39,41,3.96,Clouds
480,Tacana,GT,15.2333,-92.0833,56.3,75,43,1.01,Clouds
481,Bardiyah,LY,31.7561,25.0865,74.95,54,36,9.37,Clouds
482,Bilma,NE,18.6853,12.9164,96.31,11,14,9.84,Clouds
483,Mareeba,AU,-17.0,145.4333,72.32,95,25,1.7,Clouds
484,Ust-Uda,RU,54.1742,103.0304,31.75,79,98,5.17,Clouds
485,Mahbubabad,IN,17.6167,80.0167,75.88,86,28,1.43,Clouds
486,Ravar,IR,31.2656,56.8055,67.44,21,0,2.64,Clear
487,Tabory,RU,58.5198,64.5495,27.46,97,100,4.65,Snow
488,Katsuura,JP,35.1333,140.3,60.91,60,6,4.63,Clear
489,Aklavik,CA,68.2191,-135.0107,17.6,93,90,5.75,Fog
490,Ossora,RU,59.2353,163.0719,16.56,91,58,4.54,Clouds
491,Dunedin,NZ,-45.8742,170.5036,59.81,90,0,11.01,Clear
492,Talaya,RU,61.3833,152.75,5.31,97,100,4.68,Clouds
493,Eureka,US,40.8021,-124.1637,59.67,95,93,3.85,Clouds
494,Morden,CA,49.1919,-98.1014,41.43,87,100,11.5,Clouds
495,Tiarei,PF,-17.5333,-149.3333,75.22,76,13,16.64,Clouds
496,San Vicente,AR,-26.6167,-54.1333,81.14,51,100,4.0,Clouds
497,Ilanskiy,RU,56.2358,96.065,38.84,62,100,10.78,Clouds
498,Mildura,AU,-34.2,142.15,53.56,54,0,6.91,Clear
499,Turkistan,KZ,43.0,68.0,51.78,49,100,7.65,Clouds
500,Praia Da Vitoria,PT,38.7333,-27.0667,75.45,88,40,16.89,Clouds
501,Arawa,PG,-6.2132,155.5367,76.95,89,97,3.38,Clouds
502,Raudeberg,NO,61.9875,5.1352,54.19,65,67,5.01,Clouds
503,Novooleksiyivka,UA,46.2269,34.6428,49.93,77,0,15.97,Clear
504,Zalantun,CN,48.0,122.7167,28.89,43,77,9.13,Clouds
505,Lubao,PH,14.9167,120.55,82.42,79,43,4.7,Clouds
506,Honningsvag,NO,70.9821,25.9704,42.04,68,71,8.84,Clouds
507,Buluang,PH,13.3068,123.3425,75.92,90,49,4.7,Clouds
508,Agoura Hills,US,34.1364,-118.7745,66.69,70,0,3.22,Clear
509,Port-De-Bouc,FR,43.4,4.9833,60.58,94,75,23.02,Mist
510,Khudumelapye,BW,-23.8833,24.75,89.53,15,2,16.2,Clear
511,Belfast,GB,54.5833,-5.9333,52.12,72,20,13.8,Clouds
512,Hirara,JP,24.8,125.2833,76.6,70,71,11.97,Clouds
513,Sur,OM,22.5667,59.5289,81.43,62,28,10.56,Clouds
514,Nova Vicosa,BR,-17.8919,-39.3719,80.64,66,57,7.11,Clouds
515,Hanstholm,DK,57.1167,8.6167,52.75,89,100,24.76,Rain
516,Toumodi,CI,6.5613,-5.0158,88.3,58,100,2.73,Clouds
517,Dzaoudzi,YT,-12.7887,45.2699,80.49,65,0,5.75,Clear
518,Joshimath,IN,30.5667,79.5667,51.22,44,0,5.82,Clear
519,Zhezkazgan,KZ,47.8043,67.7144,43.59,57,100,8.99,Clouds
520,Deputatskiy,RU,69.3,139.9,-7.47,99,98,5.77,Clouds
521,El Limon,VE,10.3059,-67.6321,80.82,66,80,2.06,Clouds
522,Preobrazheniye,RU,42.9019,133.9064,51.8,87,100,6.42,Clouds
523,Camacha,PT,33.0833,-16.3333,76.53,73,40,11.5,Clouds
524,Vila Franca Do Campo,PT,37.7167,-25.4333,76.19,89,88,16.91,Clouds
525,Pangody,RU,65.85,74.4859,14.27,93,100,16.78,Snow
526,Christchurch,NZ,-43.5333,172.6333,61.95,75,0,1.99,Clear
527,Manaure,CO,11.7751,-72.4445,84.15,64,99,3.69,Clouds
528,Carballo,ES,43.213,-8.691,65.55,82,100,7.0,Clouds
529,Hualmay,PE,-11.0964,-77.6139,66.33,77,56,6.51,Clouds
530,Saint-Louis,SN,16.3333,-15.0,96.44,22,39,16.33,Clouds
531,Oranjestad,AW,12.524,-70.027,85.95,70,40,19.57,Clouds
532,Hayden,US,47.766,-116.7866,32.4,96,1,6.91,Clear
533,Langsa,ID,4.4683,97.9683,75.87,92,95,2.44,Clouds
534,Colares,PT,38.7992,-9.4469,68.99,88,75,3.0,Fog
535,Kudahuvadhoo,MV,2.6708,72.8944,82.92,75,22,12.68,Clouds
536,Kaka,TM,37.3482,59.6143,62.4,31,100,8.01,Clouds
537,Neyshabur,IR,36.2133,58.7958,63.1,28,93,5.26,Clouds
538,Matamoros,MX,25.5333,-103.25,66.38,19,0,1.5,Clear
539,Plaster Rock,CA,46.9065,-67.39,39.15,61,35,4.85,Clouds
540,Bure,ET,10.7,37.0667,62.13,71,58,2.06,Clouds
541,Kamenskiy,RU,50.8855,45.488,44.64,68,82,8.14,Clouds
542,Mo I Rana,NO,66.3128,14.1428,45.32,95,75,2.3,Rain
543,Svetlogorsk,BY,52.6333,29.7333,49.8,65,6,8.55,Clear
544,San Cristobal,VE,7.7669,-72.225,80.78,76,100,3.6,Clouds
545,Tarabha,IN,20.7333,83.65,76.86,73,59,2.28,Clouds
546,Salym,RU,60.0625,71.4789,22.78,95,100,3.71,Snow
547,Peniche,PT,39.3558,-9.3811,70.61,94,100,9.26,Rain
548,Sambava,MG,-14.2667,50.1667,76.28,82,15,10.85,Clouds
549,Soyo,AO,-6.1349,12.3689,80.13,79,95,13.49,Clouds
550,Martapura,ID,-3.4167,114.85,75.29,100,90,2.3,Clouds
551,Craig,US,40.5153,-107.5464,41.54,93,1,0.0,Clear
552,Singarayakonda,IN,15.25,80.0333,81.57,81,100,7.2,Clouds
553,Fairbanks,US,64.8378,-147.7164,28.09,88,75,9.22,Clouds
554,Keetmanshoop,NA,-26.5833,18.1333,85.12,13,0,2.28,Clear
555,Sobreira,PT,41.5237,-7.8023,61.59,85,99,5.55,Clouds
556,Port Blair,IN,11.6667,92.75,81.7,79,93,3.42,Clouds
557,Manoel Urbano,BR,-8.8389,-69.2597,97.27,34,18,2.55,Clouds
558,Qaqortoq,GL,60.7167,-46.0333,32.5,76,67,3.49,Clouds
559,Xingyi,CN,24.1877,102.817,57.0,98,75,3.49,Clouds
560,Alugan,PH,12.2188,125.4808,80.28,83,99,15.55,Clouds
561,Ballina,AU,-28.8667,153.5667,67.78,97,100,9.4,Clouds
562,Te Anau,NZ,-45.4167,167.7167,46.67,91,67,7.18,Clouds
563,San-Pedro,CI,4.7485,-6.6363,82.13,75,94,7.16,Rain
564,Alta Floresta,BR,-9.8756,-56.0861,89.42,62,0,2.3,Clear
565,Camocim,BR,-2.9022,-40.8411,85.06,61,42,14.5,Clouds
566,Karratha,AU,-20.7377,116.8463,73.99,62,0,11.43,Clear
567,Strezhevoy,RU,60.7333,77.5889,17.58,88,100,12.15,Clouds
568,Boende,CD,-0.2167,20.8667,81.81,76,87,2.93,Clouds
569,Salinopolis,BR,-0.6136,-47.3561,83.93,72,28,7.4,Clouds
570,Rovaniemi,FI,66.5,25.7167,40.41,100,90,12.66,Drizzle
571,Tatawin,TN,32.9297,10.4518,83.28,24,87,16.64,Clouds
572,Wajid,SO,3.8093,43.2471,89.8,30,73,10.16,Clouds
573,Chapais,CA,49.7834,-74.8492,44.38,53,99,7.58,Clouds
574,Dawei,MM,14.0833,98.2,77.5,91,99,3.18,Clouds
575,Chengde,CN,40.9725,117.9361,50.49,47,99,2.77,Clouds
576,Tres Lagoas,BR,-20.7511,-51.6783,89.74,44,30,6.62,Clouds
577,Tigil,RU,57.8,158.6667,25.16,91,100,5.5,Clouds
578,East Palo Alto,US,37.4688,-122.1411,60.91,92,75,4.61,Clouds
579,Pahrump,US,36.2083,-115.9839,67.17,33,0,6.33,Clear
580,Consett,GB,54.854,-1.8316,50.97,76,67,13.56,Clouds
581,Gemena,CD,3.25,19.7667,84.58,63,86,3.24,Clouds
582,Baykit,RU,61.67,96.37,18.03,86,98,9.26,Clouds
583,Belogorsk,RU,50.9158,128.4611,26.62,49,0,8.84,Clear
584,Maningrida,AU,-12.0667,134.2667,81.59,68,100,7.49,Clouds
585,Road Town,VG,18.4167,-64.6167,86.04,66,20,10.36,Clouds
586,Wad Madani,SD,14.4012,33.5199,97.43,17,32,7.94,Clouds
587,Balkhash,KZ,46.844,74.9804,44.37,72,100,7.38,Clouds
588,Wufeng,CN,27.45,104.8333,45.82,97,100,3.67,Clouds
589,Owando,CG,-0.4819,15.8999,81.95,69,98,1.03,Clouds
590,Kimbe,PG,-5.5502,150.1429,76.26,92,82,4.25,Clouds
591,Biloela,AU,-24.4167,150.5,75.69,70,94,0.27,Clouds
592,Kalaleh,IR,37.3807,55.4916,60.4,67,90,0.0,Clouds
593,Naze,JP,28.3667,129.4833,68.04,77,7,7.47,Clear
594,Santa Maria,BR,-29.6842,-53.8069,83.5,54,20,8.05,Clouds
595,Komsomolskiy,UZ,40.4272,71.7189,47.62,57,0,4.61,Clear
596,Beloha,MG,-25.1667,45.05,69.26,67,94,20.42,Clouds
597,Saraland,US,30.8207,-88.0706,63.3,59,95,7.94,Clouds
598,Juneau,US,58.3019,-134.4197,41.22,91,90,11.5,Rain
599,Cuamba,MZ,-14.8031,36.5372,93.06,19,6,3.71,Clear
600,North Bend,US,43.4065,-124.2243,52.07,93,90,5.75,Clouds
601,Port-Gentil,GA,-0.7193,8.7815,84.16,74,40,17.27,Rain
602,Chapayevka,UA,47.4711,36.3451,49.42,55,0,8.23,Clear
603,Matagami,CA,49.7502,-77.6328,35.71,93,1,2.3,Clear
604,Wajima,JP,37.4,136.9,60.91,65,100,6.6,Clouds
605,Luganville,VU,-15.5333,167.1667,78.57,79,6,5.1,Clear
606,Naron,ES,43.5167,-8.1528,66.69,77,100,9.1,Clouds
607,Sechura,PE,-5.5569,-80.8222,73.11,61,57,6.55,Clouds
608,Athabasca,CA,54.7169,-113.2854,24.62,58,90,9.8,Clouds
609,Hvolsvollur,IS,63.7533,-20.2243,45.27,74,91,5.32,Clouds
610,Grindavik,IS,63.8424,-22.4338,46.35,76,20,6.91,Clouds
611,Kuytun,RU,54.3419,101.5036,30.76,78,92,2.08,Clouds
612,Portland,US,45.5234,-122.6762,52.38,63,1,1.01,Clear
613,Emerald,AU,-23.5333,148.1667,82.54,36,40,6.91,Clouds
614,Shubarkuduk,KZ,49.1447,56.4872,45.18,72,74,8.5,Clouds
615,Mahibadhoo,MV,3.7833,72.9667,82.71,71,69,13.02,Clouds
616,Seddon,AU,-37.8068,144.8916,52.72,84,0,5.75,Clear
617,Mkushi,ZM,-13.6202,29.3939,91.78,15,26,10.89,Clouds
618,Tshela,CD,-4.9833,12.9333,83.44,72,82,4.65,Rain
619,Vanimo,PG,-2.6741,141.3028,79.3,86,72,3.24,Clouds
620,Mayo,US,38.8876,-76.5119,62.58,84,20,5.01,Clouds
621,Samarai,PG,-10.6167,150.6667,81.61,82,30,10.4,Clouds
622,Tyulgan,RU,52.3405,56.166,40.15,72,100,14.45,Clouds
623,Plettenberg Bay,ZA,-34.0527,23.3716,65.71,75,3,5.68,Clear
624,Shar,KZ,49.5886,81.0453,40.75,36,100,5.79,Clouds
625,Griffith,US,41.5284,-87.4237,56.39,87,90,1.01,Clouds
626,Goroka,PG,-6.0834,145.3873,59.36,97,95,1.39,Clouds
627,Aginskoye,RU,51.1,114.53,24.12,31,10,3.53,Clear
628,Tomatlan,MX,19.9333,-105.25,78.6,76,9,3.29,Clear
629,Hervey Bay,AU,-25.2986,152.8535,77.04,85,78,9.35,Clouds
630,Turia,RO,46.0333,26.05,55.09,60,0,3.56,Clear
631,Kashan,IR,33.9831,51.4364,69.85,37,94,3.15,Clouds
632,Shintomi,JP,32.0785,131.4723,60.55,93,100,8.59,Clouds
633,Teya,RU,60.3778,92.6267,20.57,83,100,12.59,Clouds
634,Porto Novo,BJ,6.4965,2.6036,87.62,63,100,9.08,Clouds
635,Manadhoo,MV,5.7667,73.3833,81.75,72,89,8.43,Clouds
636,Hohhot,CN,40.8106,111.6522,39.49,38,0,8.95,Clear
637,Brokopondo,SR,4.75,-55.1667,83.79,68,24,1.83,Clouds
638,Itarantim,BR,-15.6597,-40.0656,83.79,53,84,4.56,Clouds
639,Doha,QA,25.2867,51.5333,85.98,66,20,8.05,Clouds
640,Oranjemund,NA,-28.55,16.4333,68.09,66,4,16.73,Clear
641,Malaryta,BY,51.7905,24.074,55.92,54,11,10.42,Clouds
642,Oriximina,BR,-1.7656,-55.8661,93.96,44,23,4.88,Clouds
643,Aboso,GH,5.3617,-1.9473,85.14,68,99,6.49,Rain
644,Guapiacu,BR,-20.795,-49.2203,88.09,37,40,4.61,Clouds
645,Pochutla,MX,15.7432,-96.4661,81.82,74,100,4.59,Clouds
646,Netarhat,IN,23.4833,84.2667,57.42,82,48,1.32,Clouds
647,Omboue,GA,-1.5746,9.2618,78.46,87,100,10.09,Rain
648,Kargasok,RU,59.0556,80.8572,22.68,72,41,12.88,Clouds
649,San Carlos,VE,9.6612,-68.5827,75.2,94,100,1.68,Clouds
650,Hoquiam,US,46.9809,-123.8893,45.0,58,1,8.05,Clear
651,Sasykoli,RU,47.5515,46.9968,46.35,61,0,4.59,Clear
652,Lasa,IT,46.6166,10.7002,49.08,61,100,5.66,Clouds
653,Sarvar,HU,47.2539,16.9352,57.06,55,0,13.82,Clear
654,Nanpiao,CN,41.0982,120.7479,52.43,67,100,12.82,Clouds
655,Burnie,AU,-41.0667,145.9167,47.95,88,91,9.8,Clouds
656,Tsiroanomandidy,MG,-18.7667,46.0333,79.95,36,17,9.15,Clouds
657,Monterey,US,36.2505,-121.2516,52.0,1,4,3.62,Clear
658,Mayumba,GA,-3.432,10.6554,79.59,83,95,11.12,Rain
659,Comodoro Rivadavia,AR,-45.8667,-67.5,51.66,58,40,18.41,Clouds
660,Saint-Felicien,CA,48.6501,-72.4491,41.68,81,75,3.44,Clouds
661,Lisakovsk,KZ,52.5369,62.4936,40.46,77,100,21.27,Rain
662,Mazatlan,MX,23.2167,-106.4167,78.91,85,0,1.01,Clear
663,Tyret Pervaya,RU,53.6703,102.3106,31.26,83,90,4.43,Clouds
664,Sidi Ali,DZ,36.0998,0.4206,70.56,56,76,13.44,Clouds
665,Antalaha,MG,-14.9003,50.2788,75.99,79,5,11.25,Clear
666,Otavi,NA,-19.65,17.3333,91.13,16,47,7.85,Clouds
667,Bengkulu,ID,-3.8004,102.2655,78.42,89,100,5.21,Rain
668,Wattegama,LK,6.7989,81.4808,74.32,92,98,3.67,Clouds
669,Borger,NL,52.9233,6.7931,56.98,86,100,19.37,Clouds
670,Bowen,AU,-20.0167,148.2333,73.62,82,1,6.67,Clear
671,Sokolo,ML,14.7328,-6.1219,93.49,22,100,11.23,Clouds
672,Hay River,CA,60.8156,-115.7999,30.18,86,75,12.66,Clouds
673,Cloquet,US,46.7216,-92.4594,46.38,98,90,3.44,Clouds
674,Winnemucca,US,40.973,-117.7357,37.45,93,1,4.61,Clear
675,Khandyga,RU,62.6667,135.6,-2.49,100,100,0.69,Clouds
676,Madang,PG,-5.2246,145.7966,78.98,88,99,6.55,Clouds
677,Tarsus,TR,36.9188,34.8784,75.58,50,84,3.31,Clouds
678,Maltahohe,NA,-24.8333,16.9833,87.96,4,0,20.38,Clear
679,Kondinskoye,RU,59.6481,67.41,25.05,96,100,6.08,Snow
